5,1,2,1,7,5,1,1,5,2,3,4,2,2,1,1,3,48,41,37
5,3,5,5,4,5,2,1,1,4,7,7,7,2,1,1,1,48,41,37
5,6,2,5,4,5,3,2,2,3,2,3,2,7,2,1,1,48,41,37
5,5,3,2,4,4,2,2,1,1,1,7,7,2,6,1,1,48,41,36
5,5,5,1,5,6,4,4,2,6,3,4,3,6,7,7,1,48,41,37
5,7,3,4,5,5,3,1,1,4,3,4,7,1,2,7,1,48,41,38
5,1,3,4,5,4,4,1,2,2,3,2,1,3,3,1,4,48,41,38
3,1,4,7,7,4,5,4,7,4,6,3,7,4,3,3,2,48,41,36
5,6,3,1,2,5,6,3,3,5,2,4,4,2,1,1,1,48,41,37
5,6,2,3,7,3,1,3,2,4,2,5,3,7,1,1,1,48,41,38
5,5,3,5,3,2,5,1,3,5,7,3,5,1,2,6,7,48,41,37
5,5,5,3,3,4,3,2,5,3,3,3,6,3,5,1,6,48,41,38
5,4,2,3,5,1,4,3,6,3,3,4,7,3,1,1,1,48,41,38
5,3,1,4,4,5,1,2,3,2,3,2,7,3,5,1,2,48,41,31
5,5,1,4,1,4,5,2,1,5,1,3,1,1,7,1,1,48,41,38
5,5,3,5,2,4,4,5,2,2,2,2,1,7,1,1,1,48,41,37
5,4,3,4,3,2,5,3,2,4,3,3,1,3,1,7,1,48,41,37
5,6,2,5,3,2,1,2,1,4,7,3,2,7,1,7,5,48,41,38
5,1,2,3,4,4,1,1,2,4,4,7,2,3,7,1,1,48,41,38
5,1,5,3,4,4,3,1,1,3,2,4,1,4,1,4,1,48,41,38
5,7,5,1,5,5,4,1,5,4,1,4,1,7,1,1,1,48,41,36
5,4,1,3,4,5,3,7,3,3,1,1,1,3,2,3,6,48,41,38
5,5,2,3,3,4,6,1,1,4,3,2,2,3,3,1,1,48,41,38
5,4,1,4,4,5,1,7,2,3,1,3,2,3,1,4,1,48,41,38
5,4,4,1,2,1,1,3,3,4,4,4,2,4,2,1,1,48,41,38
5,1,1,3,2,5,1,3,1,3,7,4,1,7,6,1,6,48,41,38
5,1,1,4,6,1,4,1,5,3,1,2,7,1,1,1,1,48,41,38
5,1,5,2,4,3,2,1,2,2,1,3,1,3,1,5,1,48,41,37
5,1,5,3,7,3,1,2,7,3,3,2,7,3,1,7,1,48,41,38
5,5,1,3,3,1,1,3,5,2,3,4,1,3,7,1,1,48,41,38
5,5,2,3,4,4,4,7,1,2,4,2,2,2,3,7,1,48,41,38
5,4,3,4,1,4,6,1,2,2,1,2,2,7,5,7,5,48,41,37
5,1,3,4,3,4,2,2,3,7,2,4,1,5,1,1,1,48,41,37
5,4,2,5,1,5,3,3,2,4,1,2,3,2,1,1,1,48,41,38
5,1,5,3,5,4,2,1,2,7,2,7,7,7,5,3,1,48,41,38
5,5,3,3,3,1,2,7,7,4,2,2,4,4,7,7,1,48,41,37
5,1,5,2,5,5,6,6,2,4,3,2,5,3,1,1,2,48,41,37
5,2,1,3,1,4,2,2,7,5,3,4,2,4,1,7,1,48,41,38
5,1,4,2,7,4,1,2,2,5,1,2,2,2,1,3,1,48,41,38
5,5,3,1,3,5,1,2,2,3,7,4,3,5,1,1,3,48,41,38
5,6,2,5,1,4,3,7,1,6,2,2,2,3,1,2,1,48,41,38
5,1,5,1,3,3,3,3,2,4,3,1,3,2,1,1,1,48,41,38
5,1,4,3,3,3,1,2,1,4,3,2,6,1,2,1,3,48,41,38
5,5,5,3,3,1,2,1,1,3,3,3,4,7,6,1,1,48,41,38
5,5,3,6,3,3,2,1,2,5,5,5,7,7,1,1,1,48,41,37
5,1,4,4,4,5,1,1,2,4,5,1,2,6,2,1,3,48,41,37
5,4,3,2,1,5,5,1,2,3,3,3,4,1,1,5,1,48,41,38
5,5,4,3,3,5,3,2,1,4,3,4,2,1,5,1,7,48,41,38
5,5,2,3,3,5,3,2,1,7,4,2,3,3,2,1,1,48,41,38
5,1,3,3,7,4,2,1,4,6,7,7,2,1,7,1,3,48,41,38
5,1,4,3,2,1,2,4,2,4,2,2,4,2,1,1,1,48,41,38
5,5,1,5,7,3,2,1,1,3,3,2,7,2,1,7,2,48,41,37
5,5,6,5,1,4,3,3,2,4,6,1,1,2,5,1,1,48,43,38
5,1,1,5,3,1,2,3,2,3,2,2,1,3,6,1,3,48,40,33
5,1,3,5,5,5,3,1,6,4,4,2,2,2,2,3,1,49,41,33
5,6,3,1,1,2,2,2,7,2,3,2,7,1,1,1,7,48,41,32
5,1,4,1,1,5,3,7,1,7,3,1,2,4,6,7,1,48,44,32
5,1,4,1,1,1,1,1,2,5,5,2,2,3,3,1,3,48,41,32
5,1,3,7,3,3,1,1,2,4,6,2,4,4,1,2,1,48,46,32
5,4,5,3,3,4,7,5,5,3,5,7,7,3,6,4,7,48,45,32
5,5,5,1,6,5,2,1,4,3,3,5,2,3,1,1,1,48,44,32
5,5,2,6,1,5,2,7,3,3,6,2,2,1,1,1,1,49,44,32
5,5,3,1,1,4,1,1,2,3,3,4,2,2,1,1,1,49,45,32
5,4,2,3,3,3,2,2,5,4,4,4,2,1,1,1,1,48,45,32
5,3,3,3,1,4,4,2,2,2,4,2,6,7,7,1,5,48,45,32
5,3,3,2,4,5,5,7,3,3,4,5,5,7,2,1,2,48,41,32
7,6,6,1,1,1,3,7,6,2,7,2,3,6,6,6,6,48,44,32
7,6,1,3,3,3,2,7,6,2,7,4,7,6,6,6,6,48,44,32
7,3,6,1,3,3,6,7,1,2,1,7,7,6,5,6,6,48,44,37
7,2,6,6,1,3,7,1,1,2,2,2,5,6,6,6,6,48,44,32
5,1,5,5,3,5,3,3,2,4,1,5,7,2,1,1,1,48,45,32
5,5,3,1,5,5,3,5,3,2,2,7,3,2,1,1,2,48,45,32
5,1,2,5,5,5,3,2,5,3,4,4,2,3,2,1,1,48,45,32
5,3,6,6,4,5,2,3,2,2,1,7,2,1,1,1,5,48,47,32
5,3,1,1,2,5,1,1,1,4,2,3,3,7,1,1,1,48,43,32
5,1,3,1,7,5,1,3,7,4,3,4,2,2,1,1,1,48,40,32
5,1,5,1,4,5,3,3,1,4,4,2,6,3,1,1,1,48,44,32
4,6,6,6,2,6,3,3,3,3,5,7,4,1,1,1,1,48,39,32
4,6,6,6,6,5,4,3,1,2,4,5,2,1,2,5,6,48,39,33
4,7,6,3,6,2,2,2,3,6,5,4,5,4,3,2,2,48,39,38
5,3,5,6,4,5,3,3,4,4,1,3,2,1,7,1,7,48,44,32
5,5,5,5,3,1,4,5,5,5,6,3,2,3,1,1,1,48,42,32
5,4,2,4,3,6,2,2,6,5,2,6,2,1,1,3,1,48,45,32
5,5,2,6,5,5,2,2,2,3,3,2,4,1,1,1,1,49,47,32
5,5,4,2,5,5,4,1,2,5,1,2,2,1,1,2,1,48,44,32
5,5,3,2,3,4,2,2,2,3,3,4,2,3,1,1,1,48,44,32
4,6,3,6,2,7,4,3,1,4,2,3,4,7,4,2,2,48,45,32
1,5,5,7,2,6,6,7,6,1,6,1,6,7,5,3,5,48,39,32
2,1,7,6,7,5,4,4,5,1,6,3,4,6,6,7,2,48,44,32
4,5,3,4,3,4,4,2,3,6,4,4,7,2,2,7,2,48,45,32
4,2,2,4,4,6,3,2,4,5,5,3,2,4,6,2,2,48,45,32
5,1,5,6,1,3,3,1,2,4,3,3,7,1,2,3,7,48,44,32
5,4,5,6,5,4,3,1,5,3,2,4,4,4,1,7,1,48,44,32
5,4,2,5,2,3,5,1,1,2,4,1,2,7,1,1,7,48,44,38
5,3,1,2,2,4,5,6,1,3,3,2,2,3,1,3,1,48,44,38
5,5,5,3,4,7,1,3,2,5,2,7,6,6,2,7,1,48,44,37
5,1,4,3,2,3,2,1,2,2,3,3,2,6,1,3,1,48,44,37
5,4,1,5,2,4,3,1,6,4,1,3,1,2,7,1,1,48,44,38
5,4,1,6,4,4,1,4,1,7,1,7,1,2,1,1,5,48,44,38
5,1,3,4,3,2,1,3,1,2,3,2,1,1,4,1,7,48,44,38
5,1,1,5,5,2,1,7,2,4,2,2,1,2,2,1,1,48,44,38
5,5,2,3,3,4,3,3,2,3,6,4,2,3,1,1,5,48,44,32
5,4,3,3,2,4,1,1,6,1,3,1,5,7,1,1,1,48,44,37
5,7,1,5,7,3,7,2,2,4,3,6,2,7,4,2,6,48,44,38
5,4,3,3,2,6,1,1,1,4,4,4,2,7,2,1,1,48,44,38
5,4,2,4,5,2,3,3,1,2,4,1,2,7,1,1,1,48,44,38
5,5,1,5,2,7,1,1,6,4,1,2,2,1,2,5,1,48,44,38
5,4,6,2,1,5,5,2,1,4,4,4,5,3,7,1,1,48,44,36
5,4,1,5,4,1,2,5,2,5,3,4,1,1,4,1,2,48,46,32
5,5,5,4,2,4,4,2,6,3,3,1,3,1,1,1,1,48,46,37
5,4,1,2,2,4,2,2,3,3,2,2,2,2,2,1,3,48,46,38
5,5,2,2,3,2,4,5,2,4,2,4,4,1,6,7,3,48,46,36
5,5,4,4,4,1,4,1,3,2,2,5,3,3,2,1,1,48,40,32
3,6,2,3,1,7,5,6,4,7,3,4,6,2,3,2,5,48,42,32
3,7,5,5,3,4,6,4,4,6,2,6,3,2,5,3,1,49,39,33
5,6,3,5,2,4,2,2,2,2,2,1,2,1,1,2,1,49,45,33
5,2,1,5,3,1,1,3,6,3,3,2,5,3,7,1,3,49,45,33
3,4,1,3,5,4,5,4,3,3,5,7,4,1,4,2,1,48,47,33
5,5,1,5,3,6,7,2,2,3,2,3,2,1,1,1,2,49,47,33
3,7,5,6,7,5,5,5,6,3,3,6,4,5,3,4,6,48,47,33
5,3,2,5,3,5,2,2,3,4,4,5,2,3,1,1,2,48,43,33
5,1,3,5,2,3,3,7,3,3,4,7,2,1,7,1,3,48,47,33
5,4,1,5,1,3,1,5,6,3,6,4,3,6,7,7,1,48,47,33
3,4,7,4,3,6,5,1,2,6,4,5,4,4,1,1,3,48,47,33
3,2,6,4,3,6,3,3,4,6,6,2,4,3,3,4,3,49,47,33
3,7,7,1,3,6,4,3,5,5,4,5,5,6,4,5,5,49,47,33
5,2,1,5,7,4,2,4,5,5,1,3,3,1,2,7,7,48,47,33
5,4,5,2,2,3,2,2,5,4,5,3,2,7,1,1,1,48,47,33
5,1,5,3,7,4,1,2,3,2,6,2,2,1,7,3,1,48,47,33
4,4,6,5,6,6,4,3,5,4,4,4,4,2,2,2,6,48,47,33
5,1,3,5,7,1,3,2,7,6,1,7,1,7,7,1,5,48,42,33
5,5,3,2,3,4,4,3,5,2,3,7,2,3,1,1,7,48,42,38
4,4,4,5,3,2,4,5,4,3,2,4,4,1,3,2,2,48,39,33
5,5,4,5,2,4,7,3,6,7,5,2,1,1,6,1,2,48,44,33
5,5,5,2,3,4,1,2,2,4,3,2,2,7,7,7,1,48,44,33
4,7,1,3,6,3,4,3,3,5,4,5,4,4,3,2,2,48,46,36
4,6,4,6,6,6,5,3,3,3,5,2,3,1,3,2,1,48,46,38
4,2,5,3,6,5,2,3,6,6,2,5,3,1,2,2,2,48,46,38
4,4,4,3,6,6,2,5,3,5,4,3,3,2,2,2,2,48,45,33
5,1,5,1,2,4,2,6,7,5,3,3,2,1,1,6,1,48,39,33
1,1,7,1,7,4,7,6,3,2,6,7,7,5,6,5,6,48,42,33
5,5,1,4,3,4,2,2,2,4,1,7,2,4,1,1,1,48,47,33
4,6,1,4,2,5,7,2,7,5,4,2,5,7,2,2,1,48,47,38
4,2,2,4,5,2,4,2,3,1,3,4,4,4,1,2,1,48,47,38
5,5,1,2,3,2,1,1,5,7,1,2,3,5,1,1,1,48,40,33
5,3,5,4,4,3,1,4,2,3,3,2,5,7,6,7,7,48,43,33
5,5,1,3,3,4,3,3,4,4,3,2,5,3,3,1,1,48,47,33
5,1,7,4,6,5,5,3,2,4,3,5,2,2,3,5,4,48,47,33
5,1,2,1,4,5,3,1,4,4,3,2,2,2,1,1,1,48,47,33
5,5,2,4,2,5,4,2,2,5,3,3,7,1,1,1,4,48,47,33
5,1,2,2,5,3,1,1,6,4,3,3,2,3,7,1,2,48,45,33
5,1,4,3,5,5,4,2,3,4,5,2,2,3,1,4,1,48,45,38
5,3,2,5,2,6,1,3,1,5,1,2,1,1,7,1,3,49,39,36
5,1,1,5,3,4,3,7,5,4,2,1,3,3,7,1,5,49,39,36
5,4,5,5,2,5,7,2,7,6,5,7,3,2,1,1,1,48,47,36
5,4,1,2,2,5,3,3,1,3,6,2,2,2,2,7,1,48,47,36
4,3,4,7,5,6,7,3,2,4,5,4,3,3,2,2,2,48,39,36
5,6,3,4,1,5,2,6,2,6,3,4,5,1,1,1,1,48,45,36
5,4,3,5,5,4,1,2,2,4,1,2,1,1,1,4,7,48,45,36
5,5,6,4,5,1,1,2,1,3,1,4,5,2,2,1,1,48,45,38
5,5,3,7,2,1,4,6,1,4,3,2,4,6,7,1,1,48,47,36
4,6,5,4,3,4,4,5,3,5,2,2,3,3,6,2,2,48,43,36
5,3,2,6,2,5,1,1,3,4,5,3,1,1,1,7,1,48,40,36
5,1,4,4,4,4,1,7,5,3,2,1,2,2,1,7,1,48,40,36
5,1,1,2,7,5,3,2,2,4,2,3,2,1,4,5,2,48,40,36
5,1,3,2,5,4,2,1,1,2,1,2,3,7,1,1,3,48,44,36
5,1,4,4,5,5,3,3,1,5,2,3,3,3,1,2,1,48,45,36
4,6,1,2,3,6,4,3,3,6,6,3,1,5,7,3,2,48,45,36
4,3,6,4,3,6,2,2,7,5,5,3,2,4,4,2,4,48,45,36
4,5,6,6,1,5,5,3,7,4,4,7,3,3,2,4,3,48,45,38
4,6,6,3,3,5,5,2,2,5,6,5,1,1,2,2,2,48,44,36
4,6,5,5,6,2,2,4,3,5,4,3,4,2,3,1,1,48,44,36
4,4,4,2,3,3,2,3,6,4,5,3,3,2,1,4,1,48,44,38
4,6,5,5,3,4,4,3,3,4,6,4,4,1,7,2,2,48,44,38
4,6,3,4,4,5,5,5,4,5,5,3,3,2,2,2,6,48,44,38
4,6,2,3,3,2,3,6,2,3,3,2,3,3,4,2,1,48,44,37
4,5,3,5,3,6,2,3,3,1,4,3,3,7,3,6,1,48,44,32
4,6,4,6,4,2,2,4,6,5,4,3,4,7,4,3,1,48,43,36
3,5,2,6,2,5,7,3,1,6,3,6,3,3,1,2,3,48,42,36
5,1,2,5,1,5,7,1,1,4,5,4,2,1,1,1,3,48,45,36
7,7,1,3,3,2,7,4,1,4,4,1,7,7,6,7,7,48,39,37
7,6,1,6,1,5,6,7,7,1,7,5,6,6,6,6,6,48,39,36
5,4,5,1,5,5,4,7,2,4,1,2,2,7,3,5,1,48,44,36
6,3,4,4,3,5,2,3,1,3,2,3,7,7,4,4,5,48,39,36
6,1,3,1,7,1,2,3,4,6,5,3,1,7,7,5,2,48,39,36
6,1,7,3,2,3,1,1,3,4,2,2,2,3,2,1,5,48,39,38
6,5,3,2,2,6,6,5,5,2,3,7,2,2,4,1,6,48,39,38
5,4,5,1,3,5,5,3,4,4,3,4,1,2,1,1,6,48,45,36
5,5,5,3,3,5,4,7,1,3,3,5,1,7,1,1,1,48,45,36
5,3,6,3,2,4,1,3,1,3,4,7,3,3,1,7,1,48,44,36
4,7,2,5,5,2,2,6,5,3,4,2,3,2,1,1,3,48,46,36
4,5,4,4,6,6,4,6,6,2,5,6,3,4,4,1,2,48,46,36
4,6,5,3,4,6,2,4,7,4,5,5,7,3,2,1,1,48,46,38
4,3,6,6,6,6,1,1,6,5,6,4,2,2,2,1,2,48,46,37
4,5,2,7,5,5,6,2,5,2,1,4,2,4,2,1,2,48,46,36
4,7,4,5,6,1,2,6,2,5,3,5,3,3,1,4,1,48,46,38
5,1,5,3,3,3,4,2,2,4,4,4,2,1,1,1,1,48,46,36
5,4,6,4,3,5,3,2,2,4,3,4,1,1,1,1,1,48,46,37
5,1,5,4,3,2,6,3,2,3,3,3,2,1,5,1,1,48,46,38
5,4,2,5,3,5,1,2,2,5,1,2,2,3,2,4,3,48,44,36
5,2,1,5,7,5,4,1,2,2,4,3,2,1,7,1,1,48,47,36
4,6,5,4,3,4,2,6,4,4,2,2,7,2,3,2,2,48,47,36
5,5,3,3,5,5,2,3,4,4,3,3,2,1,7,1,1,48,47,36
5,1,4,3,3,4,2,2,1,4,2,4,3,1,1,1,1,48,47,36
5,4,1,1,3,2,1,1,2,4,2,2,2,2,1,7,1,48,47,36
5,1,5,2,3,3,4,1,5,4,5,3,3,1,1,1,1,48,47,36
5,3,3,4,3,4,3,1,2,2,2,3,2,1,1,1,1,49,47,36
4,4,4,3,2,5,4,4,3,3,6,5,2,2,4,2,4,48,44,36
4,7,6,3,5,3,2,4,3,4,4,4,2,4,2,3,2,48,44,36
5,5,1,5,2,2,2,2,2,3,2,2,7,3,2,3,2,48,45,36
5,1,2,5,4,1,2,2,3,4,3,3,2,3,7,1,2,48,45,36
5,5,5,3,4,5,2,2,5,3,7,4,2,3,1,1,1,48,45,36
5,5,1,5,5,5,3,1,2,3,1,3,7,3,5,1,2,48,45,36
5,4,5,4,5,5,1,4,2,6,1,2,2,1,3,7,4,48,45,36
5,1,2,4,2,5,3,3,1,4,4,4,1,1,7,1,6,48,45,36
4,5,5,3,2,5,3,2,1,5,3,6,1,4,7,2,1,48,43,36
5,4,2,3,3,2,3,1,2,1,5,1,2,2,2,7,1,48,43,36
5,5,1,3,3,3,1,2,2,4,1,4,3,6,4,5,7,48,43,36
4,5,3,5,6,6,3,2,2,1,4,3,3,4,2,2,2,48,43,36
7,3,7,3,1,3,5,6,3,2,6,1,7,7,6,6,6,48,46,36
7,3,1,3,5,3,2,7,1,2,7,1,7,1,6,6,6,48,46,36
7,6,3,7,1,3,2,1,1,7,7,7,4,5,6,6,6,48,46,36
7,3,3,2,1,7,7,1,3,6,7,7,7,7,5,6,6,48,46,38
7,3,6,1,3,1,1,6,2,4,1,7,7,6,5,6,6,48,46,36
7,3,6,3,1,2,6,1,6,5,1,1,7,6,6,6,6,48,46,38
7,3,7,1,7,3,1,1,1,5,2,1,7,1,6,6,6,48,46,38
7,3,6,1,3,3,2,1,6,2,6,5,7,6,6,6,6,48,46,38
5,5,3,3,3,4,6,1,1,2,1,1,2,1,1,1,1,48,46,36
5,5,1,4,5,4,5,5,2,4,3,2,1,1,7,6,1,48,46,36
5,4,1,3,7,5,3,2,2,5,4,2,2,3,1,7,1,48,44,36
5,4,2,1,7,3,1,3,2,3,3,3,2,2,2,1,4,48,43,36
1,2,5,3,2,2,2,6,7,3,6,1,7,6,6,5,7,48,47,36
2,4,1,3,1,7,4,4,5,4,2,7,5,1,4,5,5,48,45,36
1,7,3,2,1,5,1,6,7,2,4,3,7,7,6,1,7,48,46,36
1,1,2,1,3,2,1,6,6,4,2,4,7,1,5,5,1,48,47,36
7,6,6,7,1,3,1,4,1,6,7,7,6,6,6,6,6,48,44,36
6,5,3,2,2,5,3,1,1,5,2,3,2,6,7,1,5,48,46,36
6,4,4,5,2,3,7,7,2,6,3,2,5,3,1,1,1,48,46,36
5,5,5,1,4,3,1,3,7,4,3,2,7,2,1,5,2,48,46,36
1,5,6,5,2,2,5,4,4,1,7,3,5,7,1,6,6,48,40,36
1,2,5,5,6,7,5,6,1,6,5,1,1,1,2,2,4,48,40,36
5,5,6,5,6,4,1,2,2,4,3,3,2,7,7,7,1,48,46,36
4,6,5,4,4,6,5,4,2,5,5,4,3,2,3,2,2,48,45,36
3,4,6,3,6,4,3,5,4,1,4,5,6,5,1,4,3,48,43,36
5,3,1,2,2,4,3,1,4,3,3,7,1,2,7,6,1,48,43,36
5,1,1,5,3,1,1,2,1,4,3,3,3,1,6,5,1,49,44,34
3,4,5,5,6,4,4,7,4,6,4,5,4,6,3,4,7,49,45,34
5,5,5,5,2,2,2,2,2,3,3,2,2,1,1,1,2,49,45,34
2,4,5,6,1,5,4,5,5,2,7,5,6,5,6,4,4,49,39,34
5,5,2,2,7,4,2,3,2,4,4,7,1,2,1,1,1,48,45,34
5,2,5,3,7,4,3,7,2,4,3,3,2,3,5,1,1,48,45,34
5,1,3,6,4,3,1,1,2,4,5,2,1,7,2,1,3,48,44,38
5,1,2,5,4,6,1,3,1,4,4,7,1,5,1,1,1,48,44,38
5,4,5,5,5,4,4,1,2,3,1,3,2,3,2,7,7,48,46,36
5,5,5,2,2,5,3,5,6,4,3,3,3,2,2,1,1,48,45,36
5,5,1,4,4,2,1,3,2,4,4,1,2,5,2,3,1,48,45,38
7,6,6,7,3,2,2,2,7,4,6,1,2,4,3,5,7,48,44,34
5,5,2,1,1,1,4,2,1,2,2,6,4,4,7,1,1,48,42,34
3,7,6,7,5,6,4,5,5,1,5,7,5,3,4,3,3,48,43,34
3,3,7,5,5,4,5,4,4,5,5,3,6,3,3,3,2,49,47,34
2,5,4,6,7,4,4,4,7,7,6,6,6,7,2,5,3,48,43,34
2,7,1,6,7,7,5,2,7,3,7,7,4,5,1,4,4,48,44,34
4,6,4,5,3,1,4,4,4,2,2,2,6,1,6,2,7,48,44,34
5,5,3,7,7,5,3,2,3,3,3,7,2,2,6,1,4,48,47,34
2,1,5,5,5,1,1,4,4,7,7,7,2,6,4,4,6,48,44,34
1,6,2,1,7,7,7,1,3,3,5,1,1,1,1,5,5,48,47,34
1,1,2,2,2,2,5,5,7,1,1,1,7,7,2,6,7,48,47,34
5,5,5,5,5,3,2,2,2,7,2,4,2,7,1,1,1,48,44,34
5,4,3,5,3,5,1,1,1,2,3,2,2,1,1,7,5,48,44,34
2,7,6,1,4,7,4,5,5,1,4,1,5,2,5,1,1,48,44,34
2,7,7,1,1,5,6,6,5,6,6,5,3,5,3,3,3,48,44,34
2,7,1,5,1,7,4,6,6,2,4,7,6,7,3,1,3,48,44,34
5,5,2,1,3,2,1,1,5,2,1,2,5,2,1,1,1,49,35,34
5,5,2,5,5,3,2,1,2,4,2,3,1,6,1,1,7,49,35,34
5,1,5,3,3,4,4,7,2,5,2,2,2,7,5,1,5,49,35,34
3,4,5,7,4,7,3,4,4,7,6,6,5,3,2,3,4,49,47,34
3,3,4,6,4,3,4,4,6,6,5,6,7,4,4,3,4,49,47,34
5,3,5,4,3,2,4,1,2,3,3,4,2,3,7,7,7,48,47,38
7,3,6,1,4,2,6,5,1,2,1,2,2,1,6,6,6,48,43,38
5,1,3,1,3,4,2,1,3,1,3,2,2,6,3,1,1,49,35,38
6,4,4,2,2,4,4,5,3,5,7,3,1,1,5,1,1,48,46,36
6,1,4,4,2,3,6,6,1,5,2,2,3,7,2,1,5,48,46,36
6,1,4,5,1,3,7,7,1,3,5,7,2,3,2,1,1,48,46,37
6,1,3,3,7,3,7,6,1,4,2,1,2,3,1,1,5,48,46,32
2,7,1,6,2,4,4,4,2,7,6,4,5,2,4,3,1,48,46,38
5,3,4,3,1,2,1,1,2,3,3,2,2,7,1,1,3,49,45,36
5,4,3,3,3,5,3,1,6,1,4,2,5,3,5,7,1,49,35,31
6,4,4,4,4,3,7,3,6,3,2,3,7,7,4,1,7,48,47,31
7,1,1,3,7,3,1,1,1,2,2,4,2,6,6,3,3,48,43,31
5,3,1,3,2,3,3,7,2,4,1,2,5,2,1,1,2,48,44,37
5,3,1,3,1,3,3,7,1,6,1,1,4,3,1,1,1,48,44,38
5,1,5,5,6,7,2,3,4,2,1,4,1,2,1,1,7,48,44,38
5,5,2,3,3,5,4,1,7,3,3,2,1,6,2,7,1,48,46,37
5,4,4,1,2,2,2,1,4,3,2,3,6,3,1,7,1,48,46,38
6,1,3,2,6,3,3,6,6,4,7,3,7,1,7,1,1,48,39,32
5,1,2,5,4,4,4,2,2,1,2,2,3,3,2,4,1,48,42,37
5,1,2,5,3,5,6,3,1,4,3,3,2,1,1,1,1,48,42,38
5,1,1,3,2,5,5,2,3,3,2,2,5,2,1,2,5,48,42,38
5,3,1,5,4,5,6,2,3,3,3,7,2,4,2,1,6,48,42,38
5,5,4,4,3,5,3,2,5,4,4,3,4,3,3,1,1,48,42,38
5,5,1,3,5,4,4,2,1,4,4,3,2,7,1,1,1,48,42,38
5,5,2,2,1,4,3,2,2,4,1,3,3,3,2,7,1,48,42,38
5,2,2,5,3,3,4,2,2,5,1,2,4,2,1,1,1,48,42,38
5,4,5,3,3,5,5,2,2,2,3,4,2,1,1,1,3,48,42,38
5,6,1,6,3,4,1,2,2,3,3,4,1,1,1,4,1,48,45,37
6,3,2,5,2,1,7,2,1,3,7,6,2,3,7,6,1,48,47,38
6,3,3,4,4,1,7,3,5,2,7,3,1,2,2,5,4,48,47,38
1,1,6,7,2,1,2,6,6,1,5,7,1,7,6,1,5,48,40,38
5,3,4,4,3,4,2,2,5,5,1,4,4,3,1,2,1,48,45,37
5,1,6,3,3,7,5,1,1,4,2,4,2,2,1,1,1,48,45,38
5,1,5,4,4,4,1,3,2,4,4,7,4,2,1,3,7,48,45,38
5,5,3,6,3,4,2,2,2,2,4,7,4,3,7,1,1,48,45,38
5,4,2,4,7,4,3,3,1,4,1,2,2,2,1,1,1,48,45,38
5,2,5,5,7,3,3,2,2,4,1,1,2,3,1,1,5,48,45,38
5,1,6,3,4,4,1,2,2,4,3,7,2,1,3,1,7,48,45,37
5,6,3,5,3,2,3,3,1,4,3,2,3,1,7,6,1,48,45,38
5,1,3,1,3,1,1,3,6,2,4,2,2,1,7,1,3,48,46,38
5,5,3,1,3,5,5,5,2,5,1,2,2,5,5,1,1,48,46,38
5,5,1,5,2,5,2,2,2,5,2,1,2,2,1,1,1,48,46,38
5,5,3,5,1,5,5,3,4,2,3,4,4,1,1,1,1,48,46,38
5,4,3,4,2,1,3,3,2,6,5,4,4,1,5,7,7,48,42,38
5,5,3,7,7,7,2,4,2,3,2,4,2,1,1,1,1,48,42,32
5,1,5,5,5,4,5,5,2,2,3,2,2,1,3,7,1,48,42,32
5,4,3,5,1,4,1,3,3,3,5,4,2,1,7,1,1,48,42,36
5,4,5,2,4,4,3,5,2,4,3,3,3,7,7,2,2,48,42,36
5,4,4,4,6,1,6,7,5,5,3,3,1,1,2,3,1,48,42,37
5,1,4,2,7,3,1,3,3,5,5,1,2,7,1,1,5,48,47,37
5,1,4,4,7,3,1,2,2,3,4,4,6,3,1,3,1,48,47,37
5,4,5,5,5,4,1,7,4,3,3,2,2,1,1,1,1,48,42,37
3,3,3,5,5,7,7,4,6,5,7,6,6,6,1,3,3,48,45,38
3,4,4,7,7,6,6,4,4,5,6,6,4,5,4,3,6,48,45,38
3,7,6,5,1,7,5,5,4,5,4,5,5,5,3,7,6,48,45,38
3,6,4,7,5,7,7,7,4,6,7,2,5,1,3,6,3,48,45,38
3,4,5,3,6,7,6,4,4,6,7,3,7,6,4,3,3,48,45,38
3,5,3,7,5,6,5,4,3,3,5,5,7,3,4,4,3,48,45,37
6,1,4,3,2,2,5,7,4,3,7,2,1,2,1,1,1,48,46,37
6,1,3,2,3,4,4,7,1,4,3,1,4,2,5,1,2,48,46,38
5,1,4,3,5,3,1,2,2,7,1,1,2,5,1,5,1,48,45,38
5,4,3,5,3,3,3,2,2,3,1,4,2,2,1,1,1,48,45,38
5,5,4,3,5,5,1,1,1,4,3,2,4,1,1,1,1,48,45,38
5,5,5,2,4,4,3,1,6,2,5,1,1,5,2,1,1,48,45,38
5,2,1,5,5,3,3,2,2,7,5,4,4,3,1,1,1,48,45,38
5,5,3,5,5,5,2,2,3,4,4,7,2,3,2,1,1,48,45,38
5,2,3,5,1,5,3,1,4,1,4,4,3,1,3,1,3,48,45,38
5,5,2,5,5,5,1,4,2,4,1,1,6,2,1,4,3,48,42,38
5,5,6,4,2,4,4,1,2,5,3,3,5,7,2,1,1,48,40,38
5,3,7,1,3,6,3,1,2,2,1,3,7,1,2,1,6,48,40,37
5,5,5,4,3,3,3,2,1,5,1,3,5,3,1,1,1,48,45,37
5,1,2,5,3,1,4,7,4,3,5,2,6,7,1,1,1,48,47,38
5,4,5,4,7,4,2,1,2,2,1,2,2,6,7,5,1,48,47,38
5,2,4,1,5,5,3,7,3,4,4,4,2,3,1,1,2,48,47,37
5,1,5,3,7,4,1,7,4,2,2,7,2,2,7,1,7,48,47,37
5,5,3,3,3,5,3,1,2,2,3,2,2,2,3,1,1,48,47,38
5,2,4,3,3,4,2,2,5,4,4,4,2,7,1,1,1,48,47,38
5,4,2,5,1,3,3,3,7,4,5,1,2,1,3,1,1,48,47,38
5,3,7,5,3,3,1,7,1,2,3,4,2,2,2,7,5,48,47,38
1,2,7,3,1,7,1,5,1,1,7,7,2,7,5,4,6,48,46,38
5,3,1,1,3,2,3,1,4,7,4,4,3,7,1,1,1,48,40,38
3,5,3,3,6,7,3,3,5,6,5,5,2,3,3,1,4,48,40,38
5,5,1,3,1,4,2,3,2,4,3,1,2,2,1,1,3,48,39,38
5,3,1,5,7,4,7,1,2,2,3,2,2,1,7,1,1,48,39,38
5,2,6,4,6,1,4,3,5,1,3,4,2,1,4,1,2,48,39,38
1,6,6,1,1,2,1,2,6,2,7,3,1,7,6,4,1,48,39,38
1,1,6,1,1,2,5,6,4,4,3,1,7,1,1,1,5,48,39,37
1,1,7,2,7,5,5,5,3,4,2,2,4,7,6,6,6,48,39,32
5,1,3,5,2,5,4,1,2,3,1,3,5,2,7,1,2,48,40,37
5,4,1,3,5,4,5,2,2,4,4,2,1,4,2,1,1,48,40,38
5,4,5,2,5,7,4,2,1,7,4,2,3,1,4,1,6,48,40,38
5,4,5,3,2,5,1,3,2,4,3,1,4,2,2,1,1,48,40,38
5,4,2,5,5,3,4,3,2,3,4,2,7,3,1,1,1,48,47,38
5,5,2,3,2,5,1,4,3,6,7,3,2,1,1,1,1,48,47,37
5,2,2,2,5,7,1,2,2,4,3,2,2,2,1,1,1,48,45,38
5,5,3,5,3,3,2,2,3,4,1,3,1,1,2,1,1,48,45,35
5,4,1,2,4,2,5,2,3,4,3,4,1,2,1,1,1,48,45,38
5,1,3,4,3,5,3,3,1,3,2,3,2,2,1,1,1,48,45,38
5,2,5,5,3,5,4,3,2,4,1,5,3,1,2,1,1,48,47,37
5,1,2,2,5,5,5,2,6,4,2,1,4,1,4,1,1,48,47,38
5,5,5,5,4,1,3,1,5,4,4,7,2,1,7,1,1,48,47,32
5,3,6,4,3,3,4,3,5,5,3,3,1,3,1,1,4,48,47,36
5,5,5,4,6,4,7,1,2,4,4,7,3,1,7,7,1,48,47,38
5,5,4,4,5,3,3,1,1,5,7,3,5,3,1,1,4,48,47,35
5,3,3,3,6,5,1,4,2,2,3,4,2,2,2,1,1,48,47,38
5,5,2,3,5,5,5,3,2,5,2,2,1,1,1,2,1,48,47,38
5,1,3,6,3,5,5,2,2,4,5,2,3,3,1,1,3,48,43,37
5,5,5,3,3,3,1,1,1,2,1,3,7,1,1,1,5,48,43,37
5,3,3,4,7,4,3,4,2,3,4,4,2,7,7,1,7,48,45,38
6,5,1,4,7,3,7,2,7,1,5,7,1,2,6,1,4,48,39,38
6,1,4,7,1,5,5,3,6,5,5,7,4,3,5,5,6,48,39,38
6,1,3,1,4,1,2,1,2,6,4,6,2,4,2,1,1,48,39,38
6,4,4,3,2,3,7,1,1,5,5,2,2,2,7,1,4,48,39,37
6,3,3,6,4,3,7,7,5,6,7,3,6,7,7,6,3,48,39,38
5,3,2,5,6,5,4,7,1,3,3,4,3,1,1,4,2,48,43,37
5,1,5,4,3,5,1,2,1,5,2,3,5,1,1,1,3,48,43,37
5,4,3,6,5,4,4,2,1,4,2,3,7,3,1,1,1,48,43,38
5,1,5,1,5,1,5,1,1,6,2,4,2,1,2,1,1,48,43,36
5,1,4,5,3,4,4,3,3,7,1,4,2,3,1,1,1,48,43,38
7,3,1,3,3,2,6,6,2,4,7,2,2,1,5,7,5,48,44,38
7,7,1,1,2,2,6,5,6,6,1,7,7,6,7,7,7,48,44,38
7,4,4,4,3,3,1,3,2,3,5,5,1,1,7,7,5,48,44,36
7,2,3,4,2,2,1,3,2,2,4,1,6,4,5,5,5,48,44,36
7,7,5,1,7,2,1,2,2,4,1,1,1,2,1,7,5,48,44,37
7,4,1,5,4,2,6,1,7,2,6,7,4,1,5,5,3,48,44,37
7,7,3,3,1,7,5,7,2,4,7,3,5,5,7,3,7,48,44,37
7,7,2,1,7,3,1,6,7,5,4,2,6,7,5,7,1,48,44,37
7,7,3,1,7,2,1,6,4,1,4,7,2,2,7,5,5,48,44,38
7,4,4,3,3,4,6,7,6,2,6,7,1,7,7,5,7,48,44,38
7,5,3,7,4,2,1,6,3,2,1,2,7,7,7,4,1,48,44,38
7,3,1,2,4,2,6,3,4,5,3,6,1,4,6,5,7,48,44,38
7,7,3,4,3,7,6,6,4,4,6,1,7,2,5,7,7,48,44,38
7,2,3,3,6,2,6,5,5,1,7,7,1,7,1,7,7,48,44,38
5,1,3,5,4,5,2,2,1,5,7,2,3,3,1,1,1,48,39,38
5,1,7,2,1,2,2,2,2,4,3,4,3,1,1,1,4,48,39,38
5,3,4,1,2,1,1,4,2,3,1,4,2,3,3,1,1,48,39,38
5,6,5,1,5,4,7,5,3,3,1,1,3,1,3,1,1,48,39,38
5,3,3,1,2,5,3,1,3,4,3,2,7,6,7,1,1,48,39,38
5,5,3,3,4,3,3,1,7,4,2,3,3,7,1,1,1,48,39,38
5,2,5,2,2,3,3,1,2,5,2,4,1,1,7,1,1,48,39,38
5,5,2,3,3,4,1,1,2,5,3,3,1,3,1,1,1,48,39,38
5,5,5,3,2,5,1,3,2,4,4,3,6,3,2,7,1,48,39,38
5,4,1,5,3,4,1,1,2,4,1,2,2,3,1,1,1,48,44,38
5,3,3,1,4,5,2,1,1,5,3,2,6,2,2,1,1,48,44,38
4,5,6,6,4,3,4,2,3,2,5,4,6,4,2,7,7,48,43,37
5,1,3,4,3,5,5,1,1,2,5,7,4,1,1,1,6,48,44,35
5,2,7,3,4,5,3,3,3,4,4,2,1,1,1,1,1,48,42,38
5,3,2,4,5,1,2,3,4,2,1,4,2,4,1,3,1,48,42,38
5,2,5,1,3,4,5,3,2,6,3,2,3,1,7,3,1,48,42,38
5,5,2,1,7,4,7,1,7,5,2,6,2,7,7,7,1,48,42,37
5,5,3,3,2,4,7,3,2,4,1,2,3,7,1,1,1,48,42,38
5,1,6,1,2,3,3,3,2,2,1,1,3,2,1,1,1,48,42,37
5,5,3,5,5,4,2,2,2,7,3,4,2,1,4,1,1,48,42,38
5,5,6,3,4,5,2,2,2,4,4,3,2,1,2,4,3,48,42,38
5,1,4,5,3,2,1,3,2,4,4,2,2,2,3,1,1,48,42,38
5,5,2,3,4,2,1,1,2,4,3,2,2,1,1,1,5,48,42,38
5,5,1,2,3,3,1,3,4,5,4,1,2,2,5,1,1,48,42,38
5,5,1,4,2,1,3,5,2,2,4,4,4,7,1,1,5,48,42,38
5,5,1,1,3,2,1,3,1,4,4,3,3,3,7,7,1,48,42,38
5,5,1,5,7,5,3,1,1,1,2,7,2,2,2,1,1,48,42,32
5,4,1,3,1,5,2,6,2,5,2,1,2,3,1,1,1,48,42,38
5,1,1,4,1,4,7,3,2,1,1,4,2,3,1,7,1,48,42,38
5,5,3,2,6,5,3,1,1,4,3,3,2,2,1,3,5,48,42,38
5,4,1,5,5,5,1,3,1,4,2,3,1,2,1,5,1,48,42,38
5,4,1,3,4,3,2,2,2,4,3,7,2,1,5,1,1,48,42,38
5,1,4,6,3,4,7,2,2,4,3,1,1,1,2,7,6,48,42,37
5,6,5,4,5,5,6,3,7,3,5,3,2,3,1,1,1,48,45,37
5,2,6,5,5,4,4,5,1,4,3,3,1,1,1,1,1,48,45,37
5,3,5,3,4,3,3,2,6,2,2,4,1,2,6,1,1,48,45,37
5,1,1,4,4,5,5,2,3,1,3,2,6,1,1,1,1,48,45,32
5,3,2,4,3,3,4,1,5,4,4,6,3,3,4,1,1,48,45,37
5,1,3,4,2,3,4,1,2,4,3,2,3,3,2,5,1,48,45,38
5,5,2,6,5,3,5,2,4,2,2,7,4,1,2,1,1,48,45,38
5,5,3,6,1,4,5,2,1,4,4,4,4,1,1,1,7,48,42,37
5,3,5,4,5,5,3,2,4,3,2,3,5,1,1,1,1,48,42,38
5,5,5,5,3,1,5,2,2,3,5,2,2,1,1,1,7,48,42,38
5,1,4,3,5,5,1,2,2,5,4,3,4,4,1,3,4,48,42,38
5,5,2,5,5,5,4,2,2,3,6,3,4,3,1,1,1,48,42,38
5,4,2,1,3,5,4,2,1,4,3,3,1,1,1,1,1,48,42,38
5,5,5,5,4,4,3,2,1,4,2,3,7,6,1,1,1,48,42,38
5,5,1,2,3,5,3,2,6,4,4,3,2,4,1,1,1,48,42,38
5,5,2,3,1,5,5,1,4,6,1,4,1,1,4,1,1,48,42,37
5,2,5,5,3,4,2,1,5,2,2,3,2,7,3,1,1,48,42,38
5,1,2,4,5,1,4,1,1,4,4,2,2,4,1,1,1,48,42,38
5,1,3,5,1,5,4,3,1,3,4,5,3,1,1,1,7,48,45,38
4,3,6,3,6,5,3,2,7,5,2,1,3,3,2,1,2,48,45,38
4,6,1,4,4,2,5,4,7,4,3,5,4,3,2,2,2,48,45,38
4,4,2,3,4,2,2,6,2,4,6,1,2,2,3,2,1,48,45,38
5,5,3,6,5,1,3,3,2,2,2,4,3,1,2,1,1,48,47,37
5,3,1,5,3,5,3,2,2,7,3,2,2,1,1,1,1,48,45,37
4,5,6,6,5,6,3,3,2,3,2,5,4,2,7,2,1,48,45,37
4,6,3,3,1,6,4,2,3,2,5,4,3,4,2,2,6,48,45,37
5,7,3,3,5,5,6,2,6,2,3,7,2,1,6,1,1,48,45,37
4,4,4,3,6,4,2,3,2,5,5,3,2,3,1,2,4,48,45,37
4,6,6,4,4,6,5,7,1,6,2,6,3,1,7,6,1,48,45,38
4,4,3,4,5,5,2,2,4,3,2,2,4,3,2,3,4,48,45,38
4,4,5,6,2,6,5,3,3,6,3,3,2,2,1,2,3,48,45,37
4,6,5,4,3,3,2,4,1,4,4,7,4,5,1,2,2,48,45,38
4,4,6,6,1,3,6,4,3,6,5,5,4,2,6,2,6,48,45,38
4,6,4,4,4,3,2,2,7,3,4,3,4,4,2,1,6,48,45,38
4,6,6,4,2,2,2,7,3,6,6,5,3,3,2,2,7,48,45,36
1,6,6,1,7,2,5,7,1,3,1,2,1,2,1,6,1,48,45,37
4,5,2,4,4,6,3,2,2,4,4,1,5,1,3,7,2,48,47,38
4,3,6,6,5,5,4,3,5,6,4,3,2,4,1,3,2,48,47,38
4,4,5,3,6,4,5,2,4,6,2,4,7,3,2,1,1,48,47,38
4,6,6,4,1,6,2,4,3,5,2,2,3,3,2,2,2,48,47,38
4,6,6,3,6,3,2,3,3,6,2,4,3,2,4,4,4,48,47,34
4,4,3,3,1,3,5,3,3,2,3,3,3,3,2,2,1,48,47,38
4,3,6,3,4,6,2,4,3,4,5,4,2,3,2,2,2,48,47,38
4,7,3,2,4,2,3,3,3,6,2,6,4,4,1,2,1,48,47,38
5,1,5,4,3,3,3,2,1,7,2,3,4,1,1,1,2,48,47,37
5,3,4,1,1,5,1,5,1,2,6,3,1,1,6,2,1,48,47,37
6,3,4,4,4,4,2,7,3,7,5,6,5,6,1,6,1,48,47,37
6,4,3,4,3,3,1,3,6,2,5,3,1,2,6,4,5,48,47,37
5,1,1,3,5,5,2,1,2,4,1,4,2,1,6,1,7,48,47,38
5,3,3,5,2,5,1,1,7,5,1,2,2,3,1,1,7,48,47,38
5,5,1,6,1,5,3,3,2,3,3,2,2,2,1,4,1,48,47,37
5,1,4,5,5,5,2,2,1,4,3,4,3,3,4,1,1,48,47,37
1,3,2,6,6,1,1,7,6,6,7,7,6,7,1,5,5,48,43,38
1,7,7,2,3,5,7,6,6,1,5,1,7,1,1,5,1,48,43,38
1,6,6,2,7,1,1,7,7,4,4,6,1,1,5,5,5,48,43,38
1,6,1,5,1,5,1,7,1,6,3,1,7,5,1,5,5,48,43,38
1,6,3,6,2,5,1,2,5,6,2,1,7,5,5,6,5,48,43,37
1,2,7,6,3,1,1,5,3,1,2,2,7,1,6,1,6,48,43,38
1,2,7,2,7,1,7,6,1,1,2,3,6,6,6,5,6,48,43,38
1,3,2,2,5,5,1,7,7,1,1,1,2,7,6,1,1,48,43,38
1,3,3,6,3,4,5,1,6,2,2,2,1,6,5,1,3,48,43,38
1,1,6,2,1,2,3,6,1,4,2,7,6,7,6,6,3,48,43,38
1,6,6,2,2,7,1,7,7,4,2,4,2,7,6,5,6,48,43,38
1,6,5,1,5,2,7,7,3,2,2,1,6,1,6,6,1,48,43,37
1,2,3,3,5,1,7,7,6,2,6,7,6,5,3,5,6,48,43,37
1,6,2,2,3,1,7,6,3,5,5,3,7,1,6,6,5,48,43,38
1,2,1,2,7,1,6,6,6,5,3,6,6,1,6,3,5,48,43,38
1,1,3,6,6,7,4,2,5,2,7,2,7,7,6,6,6,48,43,37
1,3,6,2,1,2,7,5,6,1,1,1,7,1,6,5,6,48,43,37
1,3,1,6,3,2,1,6,3,2,7,7,7,5,6,3,3,48,43,38
1,2,5,3,7,2,5,3,6,1,6,7,6,6,6,1,1,48,43,38
4,5,2,2,6,3,2,3,4,4,3,5,6,1,5,2,2,48,40,37
1,1,4,5,3,6,7,5,3,7,2,7,7,1,5,6,1,48,40,37
5,5,5,4,3,5,4,2,2,4,2,4,3,6,1,1,7,48,40,37
5,5,3,4,3,5,4,1,2,7,3,3,2,2,3,1,1,48,40,37
5,3,6,2,3,4,5,3,2,4,3,4,5,1,1,4,1,48,40,38
5,1,1,2,5,5,4,2,6,5,2,3,2,2,1,1,1,48,40,37
5,3,3,3,5,4,4,1,3,3,3,4,2,3,1,1,1,48,40,38
5,2,2,7,5,5,2,2,1,1,3,4,2,2,2,1,1,48,40,38
5,5,1,1,1,4,4,2,5,1,2,3,2,7,1,1,1,48,40,37
5,5,3,3,4,5,4,2,6,5,4,1,3,1,1,1,4,48,40,38
5,1,5,1,4,4,3,4,2,4,4,2,3,4,4,1,7,48,40,38
5,3,5,5,3,3,4,1,2,4,4,3,3,3,2,4,1,48,40,38
5,1,2,3,4,4,3,1,3,4,5,7,2,1,2,1,1,48,40,38
5,5,1,3,5,5,4,2,2,2,7,4,4,3,1,1,1,48,40,37
5,1,2,2,3,1,3,2,1,4,3,4,2,3,2,1,1,48,40,38
5,5,3,4,5,4,1,4,3,1,3,3,5,1,2,1,1,48,40,37
5,5,7,3,5,5,4,1,1,4,4,2,4,5,1,1,1,48,43,37
5,5,7,2,3,1,1,2,2,5,3,4,1,1,4,1,1,48,40,37
5,2,2,3,7,5,3,1,2,2,3,3,5,3,2,1,1,48,40,38
5,1,1,6,4,4,1,3,1,2,5,3,3,7,2,2,1,48,40,36
5,3,4,1,1,5,4,2,1,1,4,1,4,1,1,1,1,48,40,38
5,5,2,5,3,3,4,2,2,3,2,5,4,3,1,4,4,48,40,36
5,5,3,5,3,3,5,2,3,4,3,3,2,1,1,1,1,48,40,38
5,7,5,5,3,4,6,3,2,4,5,4,2,2,1,1,3,48,40,37
5,5,2,4,5,1,5,1,2,4,3,3,2,3,1,1,4,48,40,36
5,5,5,3,4,3,5,1,1,5,2,1,3,1,1,1,1,48,40,37
5,1,5,3,2,5,3,2,3,4,3,5,2,1,1,1,1,48,40,38
5,1,5,4,4,6,4,2,2,4,3,5,2,2,1,1,1,48,40,38
5,1,5,3,7,3,4,2,2,6,4,7,2,3,1,1,1,48,40,38
5,1,2,3,4,4,3,3,5,2,6,2,2,2,3,1,1,48,46,37
5,5,2,5,3,3,4,2,5,4,4,1,5,2,1,4,1,48,46,37
5,5,1,2,2,6,5,3,2,2,4,7,1,1,6,1,1,48,46,38
5,2,5,5,2,2,5,1,2,1,6,4,2,2,3,1,7,48,39,37
5,5,5,4,3,4,3,1,4,4,3,3,4,1,1,1,1,48,43,37
5,3,3,6,6,4,5,4,2,4,1,4,1,3,1,1,1,48,43,37
5,5,5,5,3,3,5,2,1,4,4,3,3,3,3,1,1,48,43,38
5,3,2,2,3,5,4,3,1,5,2,3,4,2,2,1,1,48,43,37
5,5,1,2,5,1,2,1,7,4,2,1,5,1,1,1,1,48,39,38
5,5,1,1,3,1,4,3,1,4,3,3,5,1,1,4,4,48,43,37
4,3,6,4,3,3,2,3,5,5,4,3,4,4,1,2,1,48,44,37
6,1,1,2,4,4,7,2,3,7,5,4,3,6,2,3,1,48,39,37
6,5,3,2,1,6,7,1,6,3,3,1,5,6,6,1,5,48,39,38
6,2,4,2,5,4,7,6,1,3,7,1,1,6,7,6,6,48,39,36
6,1,2,6,5,4,7,6,6,5,2,4,5,3,2,6,2,48,39,38
5,5,1,2,3,4,3,4,5,2,4,2,2,3,1,1,1,48,39,38
5,5,2,5,3,2,4,2,4,1,4,4,1,7,1,1,1,48,43,37
5,1,5,5,3,4,1,5,1,4,3,2,2,2,2,1,2,48,43,37
5,3,3,3,3,2,3,2,2,4,1,2,1,3,1,1,1,48,43,38
5,3,5,1,4,5,3,1,2,3,2,4,2,3,1,1,1,48,43,38
5,1,1,5,4,3,3,1,5,5,3,2,4,1,3,1,5,48,43,38
5,1,5,1,1,3,4,2,2,3,4,2,6,6,3,1,1,48,43,38
5,5,5,5,1,5,3,1,2,4,3,4,2,2,1,1,7,48,47,38
5,1,1,4,3,5,4,3,2,4,4,4,2,1,2,1,1,48,47,37
5,5,5,4,3,2,3,1,4,4,5,5,7,1,2,1,1,48,47,37
5,4,4,6,3,2,1,2,2,4,2,3,4,3,1,4,1,48,47,38
5,5,5,4,4,2,3,2,2,5,3,2,4,1,1,1,1,48,47,37
5,4,1,7,3,1,3,2,7,3,1,2,5,3,6,1,1,48,44,37
5,1,2,5,3,4,1,1,2,4,1,1,6,2,1,1,7,48,44,37
5,5,3,3,5,4,1,1,3,6,1,2,2,3,1,1,1,48,44,38
5,5,3,4,1,5,2,2,1,2,1,1,2,1,2,1,1,48,44,38
5,1,4,4,5,4,1,1,2,4,7,7,2,5,7,1,1,48,44,38
3,5,7,4,5,7,5,2,5,6,5,6,5,3,4,5,7,48,43,37
3,5,5,5,3,4,3,3,4,6,5,7,3,3,3,3,2,48,43,36
3,5,7,7,5,6,6,3,5,6,5,3,2,6,5,3,3,48,43,38
3,7,7,4,6,4,5,7,4,5,5,3,3,4,3,1,2,48,43,38
3,1,5,6,4,6,3,7,4,7,7,6,4,5,3,1,5,48,43,37
4,6,6,3,6,7,3,2,3,1,3,2,3,4,3,2,2,48,43,38
4,6,6,3,3,2,6,6,6,5,2,3,3,2,6,2,2,48,43,38
5,4,5,4,3,5,3,1,2,3,3,2,1,2,5,1,1,48,43,38
5,2,1,7,4,4,3,1,3,2,3,2,1,2,1,1,1,48,47,38
5,5,3,7,3,3,1,2,2,3,3,3,3,1,1,1,1,48,47,38
5,2,4,1,3,1,4,7,5,1,2,1,7,3,1,1,3,48,47,38
5,1,3,3,4,5,4,3,2,6,3,3,2,3,2,1,1,48,47,37
5,3,5,5,3,7,2,1,6,4,5,3,1,1,1,1,4,48,47,38
5,5,3,2,3,4,7,3,2,4,7,5,4,7,1,7,1,48,47,37
5,5,4,3,5,5,5,3,3,4,1,2,2,1,1,1,1,48,45,38
5,4,4,5,4,3,3,7,1,3,1,2,4,3,2,7,7,48,47,38
5,6,1,4,1,5,4,2,2,6,4,3,2,2,1,1,1,48,47,37
5,4,4,1,5,5,1,2,6,4,5,7,2,1,3,7,1,48,47,38
5,4,1,1,4,3,2,1,2,1,4,5,2,3,2,1,1,48,47,38
5,1,5,3,3,2,5,2,6,3,1,5,7,2,7,1,1,48,47,37
5,5,5,5,3,3,3,2,3,3,4,4,1,4,2,1,1,48,47,36
5,5,1,3,3,4,1,2,2,4,3,2,4,7,1,6,1,48,47,38
5,4,2,1,3,5,2,1,5,3,3,4,1,1,3,1,6,48,45,38
5,7,4,5,5,4,1,2,4,2,1,3,3,3,3,3,7,48,45,38
5,5,3,4,4,5,3,7,2,4,1,5,2,2,2,1,1,48,45,38
5,4,2,5,1,3,1,3,1,1,1,2,7,6,1,1,1,48,45,38
5,4,5,1,7,5,4,2,7,5,2,7,5,2,7,5,1,48,45,38
5,5,4,3,4,2,2,3,7,4,2,6,2,2,1,1,1,48,45,38
5,1,5,4,7,4,4,1,3,5,4,7,3,4,7,1,1,48,45,38
5,5,4,3,3,1,2,1,2,4,4,2,3,3,6,1,7,48,45,38
5,3,1,2,3,4,5,3,1,4,4,1,7,2,7,1,4,48,45,38
5,1,3,1,3,4,2,1,2,4,5,3,2,1,1,1,1,48,45,38
5,1,1,2,3,3,2,1,6,5,3,3,4,6,7,1,7,48,45,37
5,2,1,3,3,1,6,1,1,6,3,2,5,5,6,3,1,48,45,37
5,5,3,1,5,2,4,1,2,4,1,4,4,1,1,1,2,48,45,38
5,1,3,2,3,5,4,3,3,4,1,4,2,1,6,1,1,48,45,38
5,1,3,3,1,5,2,1,2,3,3,3,3,3,3,1,1,48,45,38
5,2,3,4,5,3,1,1,1,4,3,5,7,7,2,1,1,48,45,38
5,1,3,1,7,4,2,7,6,3,3,1,2,1,1,1,1,48,45,37
5,1,4,5,4,5,3,2,1,2,4,4,2,7,6,7,1,48,45,37
5,1,5,1,3,3,5,1,2,3,3,2,2,3,6,1,2,48,45,37
5,1,5,1,3,6,3,1,2,5,5,2,3,7,1,2,2,48,45,38
5,1,2,4,7,5,2,2,4,2,3,7,2,2,3,1,1,48,45,38
5,3,5,5,5,2,3,1,2,6,3,3,2,2,1,7,1,48,45,38
5,5,2,2,4,5,4,2,2,6,3,6,2,4,7,1,1,48,45,37
5,2,3,2,4,5,3,2,2,3,3,3,2,7,1,1,1,48,45,37
5,2,5,2,3,4,1,1,3,4,1,3,1,2,1,1,1,48,45,37
4,2,4,2,5,5,3,3,2,5,4,4,7,3,3,2,2,48,47,38
4,6,6,2,4,3,2,2,7,7,2,3,3,3,1,2,1,48,47,38
5,1,5,2,5,5,1,2,2,3,4,4,4,4,7,1,7,48,47,38
5,1,3,2,2,5,4,3,2,3,2,5,3,2,5,1,1,48,47,38
5,3,3,5,5,5,2,3,2,3,1,2,2,1,1,1,1,48,47,37
5,5,1,4,3,2,4,2,1,2,1,3,3,1,1,6,1,48,45,37
5,5,3,4,3,3,3,2,2,3,1,5,3,2,1,1,1,48,45,37
5,5,5,5,3,4,5,2,4,3,3,3,3,3,1,1,1,48,45,38
5,3,5,4,3,5,3,2,2,4,4,3,2,2,2,1,1,48,45,37
5,3,1,4,3,5,4,3,4,3,4,7,3,2,1,1,1,48,45,38
5,4,5,4,3,5,4,2,6,7,1,1,2,3,1,1,3,48,45,38
5,5,7,3,2,5,5,3,3,5,3,5,3,5,2,4,1,48,45,38
5,5,2,3,3,5,3,2,2,2,1,1,2,3,5,1,1,48,45,37
5,3,3,6,3,3,2,3,1,5,4,1,2,6,2,4,4,48,45,38
5,5,4,5,4,5,2,2,4,4,3,3,5,2,1,1,1,48,45,37
5,1,2,3,4,4,5,2,2,4,1,3,2,3,1,1,1,48,45,37
5,5,3,4,5,4,1,1,6,3,1,3,7,3,1,3,1,48,45,38
5,4,4,6,3,4,2,3,2,4,3,3,1,1,1,1,1,48,45,38
5,6,5,3,5,5,3,3,3,4,4,2,7,1,3,2,7,48,45,38
5,4,1,4,2,4,4,1,1,3,1,2,3,3,1,3,1,48,45,38
5,5,2,2,2,4,1,1,2,2,3,2,6,2,1,1,1,48,45,38
5,1,5,5,5,5,1,1,1,2,3,2,2,2,1,2,7,48,45,38
5,4,3,1,3,4,1,7,4,4,6,2,1,2,2,1,5,48,45,38
5,4,2,3,5,3,1,2,5,4,1,2,1,3,1,3,1,48,45,38
5,4,1,3,3,2,3,7,7,3,2,2,3,3,1,1,3,48,45,38
5,5,6,5,2,4,4,1,4,4,4,4,3,2,1,1,7,48,45,38
5,1,5,4,1,6,4,1,3,2,1,2,4,1,1,6,7,48,45,38
5,4,5,3,4,4,1,5,6,4,3,4,2,2,7,1,1,48,45,38
5,5,2,5,4,4,1,7,1,4,1,3,2,1,1,1,7,48,45,38
5,2,5,2,5,4,4,1,2,5,1,3,3,3,1,6,1,48,45,38
5,5,4,3,4,3,2,1,7,2,2,5,2,3,2,1,1,48,45,38
5,1,2,2,5,5,3,1,5,3,1,1,7,3,7,1,6,48,45,37
5,2,5,3,4,3,1,2,2,3,2,7,2,1,1,1,1,48,45,37
5,3,5,5,6,5,2,1,1,1,3,3,3,2,1,1,1,48,45,37
5,4,2,2,2,3,3,2,2,3,1,3,6,3,2,1,1,48,45,37
5,5,2,5,5,4,3,1,7,4,2,1,2,1,1,7,7,48,45,37
5,2,3,4,2,5,2,2,1,4,6,4,3,2,7,1,4,48,45,38
5,3,3,2,3,2,4,1,2,4,3,2,3,2,1,5,1,48,45,38
5,5,5,5,3,4,3,2,2,4,1,4,2,1,1,1,1,48,45,38
5,4,5,6,5,5,4,3,2,4,2,3,2,1,1,1,1,48,45,38
5,5,1,2,3,4,2,1,2,5,2,3,3,3,1,7,3,48,45,38
5,2,2,3,7,2,2,2,2,2,3,4,7,1,2,1,3,48,45,37
5,5,7,6,2,5,1,3,1,4,6,4,1,3,1,2,7,48,45,37
5,5,1,4,3,1,4,5,1,6,3,7,2,7,3,1,5,48,45,37
5,2,5,1,2,5,3,1,2,3,2,6,2,2,1,1,7,48,45,37
5,4,3,4,3,4,3,1,5,4,4,2,3,1,1,1,7,48,45,37
5,3,4,5,3,3,4,3,2,3,3,3,3,1,1,6,1,48,45,38
5,5,4,5,5,5,4,3,2,1,1,4,1,1,7,1,7,48,45,38
5,1,2,7,2,3,1,1,3,4,2,2,2,1,1,1,1,48,45,38
5,5,3,3,5,5,1,4,4,1,5,2,2,6,7,1,3,48,45,38
5,1,5,2,1,4,3,3,2,3,1,7,2,3,2,1,1,48,45,38
5,7,2,3,2,1,3,7,3,4,3,3,3,7,2,2,1,48,40,38
5,5,5,3,1,4,1,3,2,4,4,3,3,1,1,4,1,48,40,38
5,1,1,2,3,5,4,2,5,4,3,3,2,4,1,1,3,48,40,38
5,1,2,1,4,2,1,1,2,2,1,3,1,7,1,5,7,48,40,38
5,5,2,1,6,4,1,1,4,4,3,1,2,2,3,1,1,48,40,38
5,2,3,5,3,1,7,2,3,5,3,1,5,7,1,1,2,48,40,38
5,5,2,5,1,4,3,1,2,7,1,2,2,7,1,1,1,48,40,38
5,1,3,3,4,1,5,1,2,4,4,1,2,7,5,5,7,48,40,38
5,5,3,5,3,4,2,1,2,7,2,2,2,2,7,1,1,48,40,36
5,1,1,7,3,1,2,3,2,5,1,3,1,2,1,1,1,48,40,38
5,6,1,5,6,2,7,2,2,3,1,2,1,1,1,1,1,48,40,38
5,1,2,1,5,5,7,1,2,4,1,1,4,1,1,7,2,48,46,38
5,1,3,5,3,4,4,2,1,7,4,7,2,6,3,1,3,48,46,38
5,5,4,6,4,3,1,7,2,1,1,2,6,3,3,1,1,48,46,38
5,4,5,7,4,3,2,2,1,3,3,3,2,4,1,1,6,48,46,37
4,6,4,4,6,3,5,7,3,6,5,3,3,4,2,3,1,48,46,38
4,6,3,3,3,5,2,1,2,5,4,4,6,2,6,1,1,48,46,37
4,2,4,5,2,5,5,2,4,1,2,2,3,4,3,2,2,48,46,38
4,3,3,4,5,3,4,2,6,5,3,5,1,2,2,1,1,48,46,37
4,6,3,4,2,2,2,2,3,5,1,2,3,5,2,1,7,48,46,38
4,6,6,5,4,6,3,6,2,1,4,5,4,2,4,1,2,48,46,32
4,5,6,4,2,5,2,3,3,3,5,5,3,4,4,7,1,48,46,38
4,1,3,3,4,3,2,3,7,6,2,4,4,2,2,2,2,48,46,36
4,6,6,4,1,3,4,4,2,5,3,5,7,4,2,7,1,48,46,38
4,7,4,4,5,4,3,2,3,5,5,2,4,4,3,1,6,48,46,38
4,5,6,2,3,2,2,3,2,5,4,3,7,2,6,2,2,48,46,38
4,5,6,3,4,2,2,7,1,4,2,5,3,4,7,1,2,48,40,38
5,1,1,2,3,4,3,3,1,4,4,3,2,2,1,1,1,48,46,38
5,4,1,2,5,7,1,1,1,3,3,3,7,1,1,1,1,48,46,38
4,2,3,6,6,2,2,3,2,4,3,3,2,6,7,4,2,48,45,37
5,1,6,1,1,5,4,2,2,4,2,4,5,3,1,1,1,48,47,37
5,5,5,4,3,2,1,2,5,4,1,4,3,1,2,1,4,48,47,37
5,1,1,4,1,4,3,3,3,4,4,3,2,3,7,1,1,48,47,37
5,3,3,2,7,5,1,1,1,5,4,4,3,7,1,5,1,48,47,37
2,4,5,6,7,7,6,5,2,5,5,7,7,6,2,5,3,48,39,38
5,5,6,5,2,6,1,1,1,3,6,4,3,1,1,1,5,48,39,37
5,5,5,4,3,3,4,3,1,3,7,2,2,1,1,2,5,48,45,37
5,2,3,3,3,4,3,3,4,4,3,2,5,7,1,1,1,48,45,38
5,5,5,5,5,5,2,2,1,4,4,2,2,1,1,1,1,48,45,38
4,6,4,2,2,4,2,2,2,3,2,5,3,2,3,2,2,48,47,37
4,5,3,4,4,3,3,3,7,2,5,2,3,5,1,2,2,48,47,37
4,2,5,6,4,4,3,2,3,6,2,4,5,3,2,2,6,48,47,37
4,6,6,3,4,3,6,2,2,5,5,4,4,4,7,2,7,48,47,37
4,2,6,3,4,3,2,3,2,4,5,2,1,1,2,2,4,48,40,38
4,5,3,2,3,5,4,5,3,6,2,2,5,2,3,5,2,48,40,38
4,2,4,5,1,5,3,2,3,5,5,3,2,1,6,1,1,48,40,37
4,7,2,6,4,3,1,2,7,5,4,4,1,1,7,1,1,48,40,37
4,5,2,6,1,5,4,3,2,5,5,3,3,3,3,2,1,48,40,38
4,2,6,7,7,1,4,3,7,3,5,2,4,3,4,2,1,48,40,31
4,7,2,4,1,3,3,4,3,5,5,3,3,1,2,2,4,48,40,38
4,2,6,4,2,5,3,2,3,4,1,3,3,3,2,2,4,48,40,36
4,6,3,6,4,3,5,2,2,1,2,2,3,4,3,1,2,48,40,38
4,6,3,4,5,4,2,3,2,5,3,3,2,5,4,2,2,48,40,37
5,1,6,3,7,5,2,2,4,2,1,6,2,1,7,2,1,48,40,38
5,1,5,5,1,6,3,2,2,4,2,4,3,1,1,1,1,48,40,38
5,1,5,3,3,5,4,2,6,2,1,1,2,2,1,1,1,48,40,38
5,3,1,6,3,3,4,1,2,4,1,2,3,3,1,1,1,48,46,37
5,1,5,2,5,5,5,3,6,1,4,3,1,3,1,7,1,48,46,37
5,4,5,3,3,5,4,2,2,2,2,2,2,1,1,1,1,48,46,36
5,3,4,5,2,4,2,3,5,4,2,7,1,2,1,4,1,48,46,37
5,5,4,4,2,4,4,1,2,4,1,4,1,2,2,1,1,48,46,38
5,1,5,4,5,5,5,3,1,5,5,3,1,1,1,6,1,48,46,37
5,1,1,1,3,5,2,5,1,4,4,3,4,1,7,1,1,48,46,36
5,1,2,3,5,5,4,2,6,2,1,3,4,1,4,1,1,48,46,36
5,1,2,5,5,5,5,2,4,5,1,3,1,1,1,1,1,48,46,33
5,1,5,4,1,5,4,2,3,7,4,6,6,2,2,1,4,48,46,38
2,4,5,4,6,1,6,5,7,7,4,2,6,4,1,7,3,48,40,38
5,4,5,5,4,5,2,3,1,4,2,5,7,3,4,5,1,48,40,37
5,1,1,5,4,5,4,5,2,4,3,3,2,3,1,1,1,48,44,38
5,2,3,3,3,5,4,2,3,2,1,2,4,3,1,1,1,48,44,38
5,5,3,5,1,4,1,3,2,2,4,4,7,7,1,1,1,48,44,38
5,4,6,2,2,5,5,2,2,2,3,2,2,3,1,1,1,48,44,37
4,5,1,5,5,4,4,2,3,6,2,1,3,4,1,1,2,48,43,38
4,6,6,1,1,5,3,2,3,4,6,4,5,5,3,1,4,48,43,37
4,3,6,4,4,5,2,1,3,5,4,2,3,2,2,2,2,48,43,37
5,6,4,3,2,3,2,3,2,4,1,3,6,1,1,2,2,48,47,38
5,5,2,3,3,2,3,5,1,3,2,2,1,3,1,1,1,48,47,37
5,5,4,5,3,6,2,1,2,4,3,2,7,3,7,7,1,48,47,38
5,1,3,5,5,2,2,2,5,4,1,1,2,6,7,1,7,48,47,38
5,5,5,5,3,4,7,2,1,1,3,3,2,1,1,1,1,48,47,38
5,1,5,2,2,5,3,3,2,4,1,2,2,2,2,1,1,48,47,38
5,5,4,3,3,5,2,1,2,4,1,3,2,3,3,1,3,48,47,38
5,4,3,3,6,7,1,1,3,4,7,1,1,1,1,1,1,48,47,37
5,7,5,5,5,4,3,1,2,4,3,5,1,3,1,1,1,48,47,37
5,4,3,5,5,4,2,2,1,1,5,4,7,3,7,1,6,48,47,38
5,1,3,3,2,3,2,1,1,6,2,7,7,2,2,1,7,48,47,38
5,1,5,5,3,4,1,3,2,6,4,3,2,1,1,1,5,48,47,38
5,1,2,3,5,5,1,5,1,4,3,2,2,3,1,2,1,48,47,38
5,1,1,5,3,5,1,3,2,4,1,4,2,2,7,1,7,48,47,38
5,2,5,2,5,5,4,3,6,5,1,3,3,3,2,7,1,48,47,37
5,5,5,3,3,2,4,1,7,4,1,2,7,1,3,1,1,48,47,38
5,5,5,5,7,2,2,7,4,4,5,2,4,6,1,7,7,48,47,38
5,1,5,5,4,4,1,3,6,2,4,7,2,7,1,1,1,48,47,36
5,2,5,3,5,4,1,1,1,4,3,1,2,1,7,1,1,48,47,38
5,5,2,2,2,7,3,2,5,4,3,4,3,1,1,7,4,48,47,38
5,1,3,5,2,4,3,1,2,4,4,5,2,2,1,1,1,48,47,38
6,1,5,5,2,3,5,3,7,3,4,3,1,3,1,1,5,48,46,38
6,1,1,2,2,6,7,3,1,2,2,3,2,3,1,1,1,48,46,38
6,2,4,4,2,1,1,4,2,1,2,3,1,3,3,1,1,48,46,38
6,1,4,5,3,3,1,5,4,5,4,3,1,6,1,1,1,48,46,38
6,1,2,3,3,3,3,7,1,4,3,4,2,1,1,1,1,48,46,38
4,2,4,6,6,4,5,2,7,5,2,5,1,4,3,7,1,48,40,37
1,6,7,7,2,3,5,1,5,1,3,4,1,6,3,6,5,48,45,38
1,1,3,2,3,3,1,6,6,6,1,7,1,6,1,5,7,48,45,38
3,6,3,4,2,3,7,4,4,6,7,5,2,3,3,3,4,48,40,37
3,2,5,3,6,7,6,3,3,2,4,5,5,6,4,1,6,48,46,38
3,4,7,3,5,7,3,7,4,6,3,4,4,4,3,3,6,48,46,37
3,4,3,5,7,4,6,5,3,6,3,7,7,4,3,3,4,48,46,38
3,3,6,6,5,5,5,4,2,7,5,6,5,5,4,3,3,48,46,36
3,5,4,7,7,7,1,7,1,6,6,5,6,3,3,4,3,48,46,36
6,4,2,3,5,3,7,5,7,7,5,3,4,3,1,1,5,48,39,38
6,2,4,2,7,3,7,6,1,2,2,2,7,1,1,1,1,48,39,37
5,2,5,5,3,5,6,3,4,4,3,2,2,1,7,1,1,48,44,37
5,6,2,5,2,4,4,5,2,3,1,4,3,1,1,3,2,48,44,37
2,1,1,1,5,1,5,6,3,7,4,1,6,6,7,7,4,48,43,37
5,5,2,3,3,3,3,2,7,7,3,2,6,1,1,6,4,48,39,36
5,7,1,4,4,2,5,2,5,2,2,3,4,2,1,1,1,48,39,38
5,5,5,1,3,3,3,4,1,1,3,2,2,3,7,7,4,48,39,38
5,1,2,3,7,4,5,7,3,4,2,1,1,7,2,1,1,48,39,37
5,1,3,3,3,5,2,3,2,4,3,1,1,1,1,7,1,48,39,35
5,5,4,2,1,4,1,2,1,1,1,3,1,1,1,1,1,48,42,38
5,2,2,5,2,2,1,3,5,1,1,2,1,1,3,1,7,48,42,38
5,6,1,6,2,4,1,4,2,4,2,3,2,3,1,1,7,48,47,37
5,2,1,5,4,4,5,1,2,5,1,2,3,2,7,1,3,48,47,38
5,2,1,3,4,5,3,1,3,5,2,3,2,4,1,1,1,48,47,38
5,5,4,3,6,2,2,3,2,5,6,3,2,4,1,1,2,48,47,38
5,2,4,5,1,4,5,1,1,3,5,4,2,6,3,7,7,48,47,38
5,7,3,5,5,4,5,1,5,3,3,6,3,2,7,1,2,48,47,37
5,4,3,5,2,4,3,4,3,2,3,2,2,3,7,7,1,48,47,37
5,2,1,5,5,4,4,3,2,3,3,4,2,1,1,7,2,48,47,38
5,1,5,3,2,5,1,1,3,5,3,4,2,1,2,7,3,48,47,33
5,1,3,5,2,4,1,3,3,4,4,3,1,4,7,5,1,48,47,38
5,1,6,3,5,2,4,7,1,4,2,1,2,1,1,1,5,48,47,38
5,5,5,3,3,4,1,3,2,4,2,3,1,1,7,4,2,48,47,37
5,1,1,3,2,4,3,6,5,5,1,2,2,1,3,7,7,48,47,37
6,1,5,7,5,3,6,5,7,7,3,1,1,6,3,1,1,48,45,37
3,3,3,7,7,7,4,7,2,5,5,4,1,2,4,3,3,48,46,37
3,5,7,3,7,6,4,3,5,3,6,3,5,4,5,5,7,48,46,38
5,5,2,1,2,4,1,4,2,4,5,3,3,1,3,1,1,48,46,38
5,5,2,4,3,4,1,5,1,1,3,5,3,1,3,1,1,48,46,38
5,1,2,5,3,5,1,1,5,5,3,4,2,6,2,1,3,48,46,38
5,2,2,5,2,4,1,3,6,2,1,4,2,1,1,1,1,48,46,36
5,4,5,2,4,5,3,2,3,4,1,2,1,7,2,1,7,48,46,38
3,5,5,7,4,4,6,7,4,5,4,4,4,3,2,7,3,48,43,37
5,3,2,3,2,1,4,1,2,4,4,7,2,7,1,2,7,48,39,38
5,1,2,1,3,4,5,1,1,4,1,2,2,3,3,1,1,48,39,38
5,5,3,3,3,2,4,1,3,3,3,1,2,6,2,1,2,48,39,38
5,7,1,4,1,5,3,2,5,4,2,2,2,7,1,6,1,48,39,38
5,3,2,2,4,3,4,1,2,2,3,4,4,3,1,7,3,48,39,38
5,1,5,2,3,4,5,1,3,3,6,2,3,1,1,7,1,48,39,38
5,4,1,2,3,5,1,1,3,7,3,4,2,3,7,1,1,48,39,38
5,5,3,4,2,1,3,2,2,5,3,2,3,3,7,1,5,48,39,38
5,5,2,3,3,2,3,2,6,5,4,3,2,2,1,2,1,48,39,38
5,1,5,4,3,4,3,1,3,2,3,4,4,3,1,1,3,48,39,38
5,4,4,3,1,5,1,3,2,4,1,3,7,2,2,5,1,48,39,37
5,4,6,1,5,4,4,4,2,5,4,3,1,7,7,1,1,48,39,37
5,1,1,5,5,4,3,3,1,4,4,4,4,3,7,2,7,48,46,38
5,5,3,3,1,3,1,1,1,4,1,4,5,2,7,7,3,48,46,38
5,1,3,5,5,4,1,1,2,5,5,3,3,3,7,1,7,48,46,36
5,2,2,6,4,2,3,2,2,2,1,4,7,1,3,1,7,48,46,38
5,7,4,3,2,4,3,3,2,6,3,1,6,2,1,1,3,48,46,38
5,4,2,3,1,4,3,2,1,3,1,6,3,1,5,6,7,48,46,38
5,3,5,1,5,4,1,1,3,7,1,5,2,2,1,1,6,48,46,38
5,2,4,5,5,4,4,1,2,4,5,4,2,1,1,1,2,48,46,38
5,2,3,4,5,5,1,3,6,3,3,3,2,1,5,1,1,48,46,36
5,7,4,5,5,2,5,2,2,2,3,4,3,5,3,7,2,48,46,36
5,4,3,5,5,4,3,1,3,2,1,7,2,1,2,3,4,48,46,33
5,2,3,7,3,4,1,1,4,6,3,3,2,2,7,7,7,48,46,38
5,4,3,2,4,4,2,3,1,4,3,3,6,1,1,1,1,48,46,32
5,1,3,5,4,5,1,4,4,7,3,4,2,1,1,3,7,48,46,32
5,4,1,5,2,4,3,1,3,4,4,7,2,1,1,1,3,48,46,38
5,5,4,1,1,4,1,7,3,4,4,2,3,3,1,1,3,48,46,38
5,1,6,3,2,4,1,1,1,3,1,5,3,3,1,6,1,48,46,38
5,1,6,4,2,4,1,3,1,3,3,3,2,1,7,2,3,48,46,38
5,5,5,5,4,2,1,4,3,1,3,2,2,4,2,7,7,48,46,38
3,6,4,5,7,7,6,7,3,6,6,7,5,4,7,4,7,48,42,38
5,4,4,5,2,2,4,4,2,4,4,3,6,1,1,7,1,48,45,37
5,5,3,7,3,4,1,2,2,4,4,3,1,3,5,1,3,48,45,37
5,1,3,5,7,4,1,7,5,4,1,3,3,1,7,1,5,48,45,37
5,1,4,5,4,3,1,3,2,5,3,4,3,1,1,7,7,48,45,37
5,2,5,3,3,4,1,5,5,4,4,3,1,1,5,1,1,48,45,38
5,3,5,5,3,5,3,3,4,3,1,3,3,3,1,2,1,48,45,38
5,4,2,5,5,4,1,2,5,1,7,4,3,1,4,1,2,48,45,38
5,3,5,1,5,6,7,2,6,4,4,3,1,4,5,7,7,48,45,38
5,2,1,5,4,4,1,1,5,4,3,3,4,1,1,1,7,48,45,38
5,4,4,5,3,4,2,5,1,3,4,3,3,1,1,3,7,48,45,38
5,2,5,5,3,4,2,5,3,3,2,7,1,1,5,7,1,48,45,38
5,5,2,1,5,5,1,7,5,2,1,4,1,1,5,7,3,48,45,38
5,4,1,5,4,4,1,3,3,4,4,3,6,3,7,1,1,48,45,38
5,1,5,3,5,1,3,3,5,4,2,3,2,3,2,3,3,48,45,38
5,6,3,7,6,4,1,4,5,3,2,3,2,1,1,1,1,48,45,38
5,6,1,5,2,2,3,7,2,6,1,2,1,6,3,7,3,48,45,38
5,5,7,7,2,4,4,3,3,6,1,4,1,1,1,1,2,48,45,38
5,5,1,5,3,5,3,2,4,2,3,4,3,1,1,1,7,48,45,38
5,5,4,5,4,3,2,1,3,7,2,3,5,1,1,1,7,48,45,38
5,4,5,6,6,4,3,1,2,3,2,2,2,4,2,5,3,48,45,38
4,6,1,6,6,5,4,4,3,3,4,4,4,4,2,2,3,48,46,38
4,5,2,6,3,5,4,5,4,4,2,4,3,5,6,3,3,48,46,38
4,4,7,4,6,2,4,2,2,5,5,6,5,3,6,2,2,48,46,38
4,6,6,6,6,5,2,1,3,5,4,4,3,2,4,3,1,48,46,38
4,6,5,6,4,3,2,2,5,2,4,4,5,3,2,1,2,48,46,38
4,5,5,6,5,5,5,2,3,5,2,5,4,5,1,6,1,48,46,38
4,5,3,3,6,6,2,2,6,5,4,4,3,4,3,1,1,48,46,38
4,7,6,6,6,5,1,5,3,4,3,4,3,3,1,7,3,48,46,38
4,5,4,6,6,5,2,3,1,3,2,4,4,2,2,4,2,48,46,38
4,3,6,2,6,5,4,2,7,4,3,3,3,1,7,2,3,48,46,38
4,3,6,7,4,6,5,2,7,7,4,5,3,6,2,1,1,48,46,38
4,5,7,6,5,5,2,3,2,7,7,4,2,2,1,1,1,48,46,38
4,5,6,6,2,2,2,2,3,5,4,2,4,2,6,2,7,48,46,37
4,6,1,4,7,6,1,4,3,1,4,5,6,3,4,1,4,48,46,37
4,7,5,4,6,4,2,5,3,5,6,6,1,5,2,2,1,48,46,38
4,5,2,3,6,5,4,5,4,5,5,4,2,7,2,4,5,48,46,38
4,5,3,4,6,3,2,4,2,5,2,2,3,5,4,3,4,48,46,38
4,2,2,7,6,5,3,4,1,4,2,4,4,1,3,2,4,48,46,38
4,5,6,1,5,5,2,5,3,5,2,5,4,5,4,2,1,48,46,38
4,5,4,1,5,6,5,3,4,5,5,4,6,7,5,2,3,48,46,38
4,5,6,5,6,6,2,5,2,2,5,1,4,3,3,6,6,48,46,38
4,3,4,6,2,5,4,2,4,4,4,4,3,2,4,1,1,48,46,38
4,4,2,6,5,5,5,6,4,6,2,1,2,2,6,4,2,48,46,38
4,7,6,3,5,5,2,3,2,2,2,5,2,5,1,3,6,48,46,38
4,5,4,5,5,5,4,6,5,5,6,4,4,4,4,4,2,48,46,38
4,5,4,6,6,5,2,2,3,5,4,4,4,3,3,2,2,48,46,38
4,6,5,2,4,5,2,2,4,7,3,4,3,3,1,3,4,48,46,38
4,2,5,5,6,6,4,2,5,5,5,4,3,2,1,1,2,48,46,38
4,3,6,4,6,5,2,5,3,3,2,4,3,4,3,1,1,48,46,38
4,6,3,7,1,5,2,2,7,7,5,6,4,4,1,2,1,48,46,38
4,2,2,7,6,5,2,2,3,2,2,1,3,5,1,3,5,48,46,38
4,6,5,6,3,5,4,5,3,6,4,4,3,3,1,1,1,48,46,38
4,5,6,7,5,5,3,1,1,4,3,1,3,4,4,1,1,48,46,38
4,2,4,1,7,5,5,6,3,5,3,4,6,4,7,1,6,48,46,38
4,6,7,6,3,5,1,6,6,1,5,4,4,2,6,2,1,48,46,38
4,7,5,3,5,5,2,7,3,1,3,5,3,2,7,2,7,48,46,38
4,5,5,5,3,5,2,4,3,2,4,3,3,2,2,7,1,48,46,37
4,2,4,6,3,5,1,2,5,3,4,5,2,3,6,4,1,48,46,37
4,6,4,7,5,4,2,5,3,4,4,4,4,4,3,4,6,48,46,37
4,6,6,6,6,5,4,1,2,5,4,4,2,2,2,1,1,48,46,37
4,6,4,6,4,7,4,2,7,5,4,3,2,7,1,2,6,48,46,36
4,7,4,6,6,2,2,1,5,5,6,5,7,2,2,1,2,48,46,36
4,6,3,5,3,5,2,2,4,1,7,4,7,2,2,1,6,48,46,38
4,7,3,6,5,6,5,3,2,6,4,5,4,3,6,2,2,48,46,38
4,6,5,4,5,5,2,4,5,5,2,1,5,2,2,5,3,48,46,38
4,4,6,6,5,5,1,4,6,5,5,5,3,3,3,1,2,48,46,38
2,6,1,2,1,7,4,2,6,6,1,6,5,2,5,5,7,48,46,37
3,7,3,5,7,4,4,2,1,7,5,4,1,5,5,5,7,48,44,38
3,5,5,3,4,4,3,3,4,3,5,6,6,4,7,5,7,48,44,37
4,7,3,4,2,4,5,2,7,3,4,4,3,7,4,1,2,48,46,38
4,7,2,7,5,5,2,2,3,7,2,5,3,3,1,2,6,48,46,33
4,3,6,7,4,2,7,6,4,2,5,4,1,1,6,5,2,48,46,33
4,4,4,7,6,5,2,2,7,3,3,5,3,5,2,4,3,48,46,38
4,2,4,6,3,5,2,4,2,5,5,3,4,3,2,2,6,48,46,38
4,7,5,4,3,6,4,2,2,2,4,6,2,2,1,1,1,48,46,38
4,2,2,6,5,6,2,2,4,5,2,3,4,4,2,3,1,48,46,38
4,6,6,5,7,5,4,2,3,5,4,5,3,2,1,2,2,48,46,37
4,6,5,4,5,5,2,2,5,6,7,3,2,3,4,5,1,48,46,37
4,3,1,4,6,5,4,4,3,7,3,4,4,2,1,2,1,48,46,38
4,5,6,4,6,6,2,4,1,5,3,6,6,6,3,4,3,48,46,38
4,6,3,6,5,7,5,4,1,5,3,7,3,7,1,1,1,48,44,38
4,2,4,3,3,4,2,5,4,5,3,6,2,4,2,2,7,48,44,32
4,6,4,6,4,5,2,4,1,5,6,6,6,7,3,3,1,48,44,38
4,6,4,6,7,4,2,5,7,5,4,2,5,4,7,4,6,48,44,38
4,5,2,4,2,3,2,6,3,5,1,1,4,7,2,2,4,48,44,38
4,7,7,6,3,4,2,3,5,6,5,5,7,1,2,1,2,48,44,38
5,4,4,1,5,4,3,1,1,4,2,1,2,2,6,7,7,48,47,37
4,4,5,4,5,4,1,7,3,5,4,3,3,3,2,2,3,48,47,38
4,6,4,6,6,2,2,2,4,4,3,3,5,2,1,6,2,48,47,38
5,5,3,2,2,5,1,3,2,3,3,2,2,7,1,2,7,48,47,37
5,5,3,1,1,5,1,1,5,5,2,4,4,3,1,5,1,49,47,31
5,5,3,5,2,4,3,7,3,4,4,1,1,2,7,7,1,49,47,31
5,4,5,4,5,3,1,4,1,4,6,3,1,1,1,1,1,49,47,31
5,1,1,5,1,1,3,1,3,4,2,3,2,2,1,2,2,48,43,31
5,1,2,5,3,5,3,3,3,4,4,2,7,1,1,1,2,48,47,31
5,1,2,5,2,5,1,2,2,2,3,3,6,3,1,2,7,48,47,31
6,5,7,2,3,1,7,1,1,3,3,4,2,1,1,3,5,48,40,31
3,5,4,6,5,6,4,3,6,6,3,4,2,6,3,3,7,49,47,31
5,1,2,7,6,5,1,1,7,2,6,3,2,3,7,5,7,48,40,31
5,4,3,1,2,5,7,1,2,3,1,3,4,2,1,6,3,48,40,31
5,5,5,5,2,5,1,6,5,5,3,2,4,1,2,7,1,49,35,31
5,5,4,3,3,3,2,1,1,2,3,7,6,3,1,1,7,48,43,38
2,1,6,1,6,1,5,4,4,5,7,5,6,5,4,4,6,48,43,38
2,4,1,4,3,7,2,1,5,7,6,4,4,6,6,5,3,48,40,38
5,1,5,5,3,4,4,3,2,3,3,4,2,3,2,1,2,48,42,38
5,5,3,3,3,2,4,3,1,4,1,3,1,5,2,1,1,48,41,38
5,4,5,2,3,3,3,4,5,4,3,3,5,1,1,1,7,48,43,38
3,7,7,7,5,4,6,3,4,6,3,6,3,3,5,3,3,48,43,38
5,5,2,3,3,5,2,1,2,4,4,4,7,3,1,1,1,48,45,38
2,1,7,6,4,3,6,2,4,7,7,6,5,6,4,5,4,48,47,38
3,3,6,5,5,7,3,2,6,6,5,6,4,3,2,3,3,48,44,38
2,1,4,1,5,7,4,4,5,3,7,4,4,5,1,6,5,48,46,38
5,3,2,5,3,5,3,1,6,4,3,4,6,2,1,1,1,48,47,38
5,2,1,5,3,4,3,3,2,6,3,5,2,7,3,1,2,48,44,38
5,7,5,2,2,5,3,1,1,5,1,4,3,3,2,1,7,48,47,38
5,2,3,3,3,4,2,1,2,6,4,2,2,1,4,7,1,48,47,38
5,4,2,3,7,1,3,3,2,4,1,2,4,2,1,5,1,48,44,38
6,3,2,3,3,3,7,7,7,2,1,6,7,3,6,1,1,48,39,38
5,3,5,5,3,4,5,3,3,4,1,2,2,7,1,1,1,48,45,38
5,1,1,3,5,1,1,1,1,4,1,4,2,6,2,1,1,48,44,38
5,3,1,3,4,4,1,3,1,4,2,2,2,3,3,3,7,48,44,38
4,4,6,4,6,4,3,3,4,4,1,3,4,4,4,3,1,48,45,38
5,1,5,5,4,2,2,1,4,1,3,4,2,1,1,1,1,48,46,38
4,7,6,4,1,6,2,3,3,5,6,5,1,6,2,2,1,48,42,38
5,3,2,5,1,3,2,5,2,4,5,4,4,2,1,1,1,48,44,38
5,6,2,2,1,4,6,1,2,4,2,3,2,2,1,1,1,48,44,38
5,5,3,4,2,4,3,1,2,3,2,2,2,3,1,7,5,48,44,36
5,1,2,2,1,4,3,1,2,7,3,2,6,1,2,1,1,48,46,38
5,4,5,2,2,5,2,2,4,2,2,1,3,2,1,1,3,48,44,38
5,3,4,3,3,5,2,4,2,4,1,2,3,5,7,5,7,48,46,38
5,4,2,5,3,3,4,1,2,4,2,3,2,3,5,1,7,48,46,38
5,1,2,2,7,5,3,5,4,2,5,1,3,7,7,1,1,48,46,38
5,5,4,5,5,2,4,2,5,4,1,2,2,1,1,7,3,48,46,38
4,6,6,4,6,5,4,6,3,5,4,5,1,7,2,5,2,48,43,38
5,3,1,5,1,5,1,1,1,4,3,2,1,3,2,1,1,48,43,38
5,6,3,3,1,7,4,1,2,5,1,4,3,7,1,1,1,48,43,38
5,5,2,4,2,3,4,2,5,3,1,4,3,3,1,1,1,48,44,38
5,4,4,5,3,5,5,1,2,7,3,2,2,7,7,1,3,48,44,38
5,4,1,3,3,5,1,1,1,4,1,2,2,2,4,7,3,48,47,38
5,5,5,5,3,3,3,2,5,4,2,3,2,2,2,1,1,48,47,38
5,6,2,2,3,4,1,5,1,3,1,4,1,3,1,1,3,48,47,38
5,1,6,3,1,4,3,3,1,4,3,4,2,2,1,1,1,48,47,38
5,1,3,5,4,1,5,2,4,4,4,1,2,1,2,4,1,48,47,38
5,5,3,4,1,3,3,4,4,5,4,2,2,3,2,1,1,48,47,36
5,7,1,2,4,3,3,3,4,6,4,3,2,1,3,1,1,48,47,36
5,7,5,5,5,3,3,2,6,2,2,4,4,1,1,1,1,48,47,36
5,1,3,1,2,4,4,1,4,4,7,4,2,2,1,1,1,48,47,36
5,5,5,1,4,5,3,3,6,4,4,3,7,1,1,1,1,48,47,36
2,2,6,1,1,7,4,7,3,6,5,1,7,5,5,3,4,48,46,38
7,1,1,5,7,2,4,6,2,7,6,2,7,6,5,6,6,48,44,38
5,5,5,1,5,5,1,2,1,5,3,4,7,3,1,1,3,48,44,38
5,2,3,2,5,2,4,4,2,4,2,6,7,3,4,1,1,48,44,36
4,6,4,5,5,4,5,4,4,5,3,5,4,2,2,2,1,48,43,38
4,6,3,3,3,5,4,3,3,5,4,3,3,5,3,3,2,48,43,38
4,5,2,7,4,3,4,2,6,4,4,3,4,1,4,2,1,48,43,38
5,5,3,3,2,5,5,1,1,4,3,3,1,1,5,1,1,48,39,38
5,1,1,3,1,4,3,3,1,4,1,2,7,1,1,4,1,48,39,38
5,5,1,3,7,4,4,2,2,3,1,4,7,3,7,1,7,48,47,38
4,7,2,2,1,6,3,1,3,5,2,4,4,2,2,2,2,48,45,38
2,2,6,4,4,7,4,7,4,6,4,7,5,5,3,5,3,48,46,38
5,5,2,1,7,5,4,7,2,4,3,2,2,4,2,5,1,48,39,38
5,5,2,5,3,5,1,3,2,1,7,2,2,2,1,1,1,48,45,38
5,5,1,6,3,4,1,6,3,5,1,3,1,2,1,1,1,48,43,38
5,4,5,4,1,5,4,4,2,3,3,3,2,4,7,1,3,48,40,38
6,5,1,2,3,1,2,7,5,1,5,3,1,1,1,1,5,48,41,38
6,1,4,4,1,3,1,2,2,2,7,1,2,2,1,1,1,48,41,38
4,6,4,2,1,2,2,2,4,5,5,4,3,2,2,2,1,48,42,38
5,5,2,2,7,5,1,3,2,1,1,3,3,2,1,4,7,48,40,38
1,7,6,1,2,1,1,2,1,1,2,1,6,6,5,6,6,48,45,38
1,6,3,6,1,2,3,6,5,3,2,4,7,5,7,5,5,48,45,38
1,3,6,2,2,1,7,7,6,2,1,6,7,7,6,5,1,48,45,38
1,7,6,3,2,2,5,7,6,1,7,1,2,1,6,5,5,48,47,38
1,3,2,2,6,7,6,1,1,4,7,2,1,7,6,2,5,48,47,38
4,6,3,5,3,4,2,1,3,6,2,5,4,6,1,6,4,48,47,38
6,1,4,6,1,7,7,5,3,3,2,1,7,2,6,5,7,48,40,38
6,1,1,1,2,5,7,7,3,2,4,5,6,6,3,1,1,48,40,38
6,1,2,2,2,4,3,5,5,5,5,1,2,3,3,1,1,48,46,38
4,4,6,6,1,6,2,4,4,5,4,3,3,5,2,1,2,48,46,38
1,2,2,2,5,2,2,6,3,6,4,1,1,7,6,6,5,48,47,38
1,7,3,2,7,2,7,5,3,3,3,1,6,7,1,5,5,48,47,36
1,5,2,1,2,6,7,6,6,1,3,4,7,7,6,5,5,48,47,38
2,1,6,1,2,7,6,5,4,4,6,3,7,6,6,4,4,48,43,38
5,5,2,5,3,2,1,5,1,4,2,1,4,2,1,1,1,48,43,38
5,1,3,4,3,1,4,5,1,7,1,3,2,1,3,6,7,48,43,38
2,1,6,1,5,6,6,5,5,7,5,7,7,7,5,1,2,48,47,38
4,2,3,3,5,6,7,2,6,3,4,3,2,2,3,2,1,48,45,38
4,5,4,5,3,7,2,3,6,5,3,5,4,2,2,7,2,48,45,38
5,6,5,3,5,4,7,3,7,3,3,4,1,4,5,7,7,48,46,38
5,4,3,5,5,4,1,1,6,1,4,3,6,6,2,2,7,48,46,38
5,2,3,5,1,4,3,5,2,4,3,2,2,6,7,7,3,48,46,38
5,6,3,1,2,4,3,1,6,4,2,3,2,1,1,7,1,48,46,38
5,5,5,5,3,3,1,3,2,2,3,3,2,3,5,5,7,48,46,38
5,6,3,5,2,1,3,2,3,4,2,3,2,2,1,3,7,48,44,38
5,1,5,2,3,4,3,1,2,3,3,3,1,1,6,1,1,48,46,38
1,6,6,3,2,3,1,2,5,1,5,7,2,5,6,1,5,48,46,38
5,1,3,3,2,4,2,4,2,4,7,1,2,3,7,1,1,48,42,38
3,7,6,7,5,6,3,2,4,6,7,6,7,4,4,2,4,48,47,38
4,6,6,3,4,6,5,2,3,5,6,3,4,5,3,1,4,48,40,38
5,1,5,3,6,3,3,2,1,3,3,2,5,2,1,1,1,48,45,38
5,4,3,4,1,3,1,2,7,5,2,3,2,2,2,5,1,48,44,38
7,1,6,2,1,5,6,6,7,2,2,2,6,7,5,6,3,48,40,38
6,5,1,1,3,4,7,3,2,6,7,7,2,3,4,4,1,48,46,38
6,1,2,5,4,3,1,7,7,4,4,3,5,7,1,5,4,48,46,38
2,1,5,1,1,5,4,3,5,4,4,1,5,7,2,4,4,48,40,38
5,5,1,5,4,3,2,1,5,3,3,2,3,2,3,7,7,48,47,38
5,2,1,1,4,2,2,2,2,3,1,4,2,3,2,1,1,48,47,38
2,7,5,1,5,1,4,4,5,7,7,7,7,6,4,1,2,48,47,38
5,5,5,3,4,6,2,1,2,4,7,1,1,1,1,1,1,48,45,38
3,5,5,5,7,7,6,5,5,6,6,4,4,3,4,3,3,48,40,38
5,4,3,1,4,3,2,7,6,1,3,2,3,1,1,1,2,48,41,38
5,1,4,3,3,5,4,1,5,3,3,1,1,2,1,1,4,48,41,38
5,3,2,2,1,4,3,1,5,3,3,5,4,1,1,1,7,48,40,38
5,4,5,2,3,3,1,1,2,4,2,2,1,2,1,1,7,48,43,38
4,5,2,5,3,5,6,6,4,4,4,4,2,1,2,2,4,48,44,38
2,2,4,7,6,7,4,4,5,7,4,1,5,4,4,5,7,48,43,38
4,5,2,6,6,3,2,3,3,5,3,4,1,3,3,2,2,48,44,38
5,5,2,4,3,4,3,5,3,4,3,3,2,3,5,7,5,48,47,38
5,5,2,5,3,2,1,2,2,4,3,2,2,1,7,1,7,48,44,38
5,7,5,4,7,1,1,4,6,2,3,2,3,3,2,1,1,48,39,38
5,6,1,4,3,6,3,1,1,5,1,2,7,2,1,7,7,48,43,38
5,5,1,5,2,4,2,7,2,4,4,4,6,1,3,7,2,48,43,38
5,5,3,2,4,4,1,2,3,2,5,2,4,3,1,1,3,48,43,38
5,5,1,2,3,7,1,1,2,4,1,2,2,2,2,7,2,48,43,38
5,5,2,2,4,2,7,3,2,3,4,3,3,4,1,1,1,48,43,38
5,5,3,1,5,4,1,1,2,3,1,2,3,1,1,1,1,48,43,38
5,3,5,1,3,5,4,2,5,4,4,4,6,7,5,7,1,48,43,38
5,5,3,3,3,1,4,3,2,4,3,2,3,7,2,1,1,48,43,38
5,5,5,3,1,4,3,3,2,4,3,2,1,1,7,4,1,48,43,38
5,1,1,2,4,4,4,1,6,4,3,7,4,1,1,5,1,48,43,38
5,1,4,1,5,6,3,1,2,3,7,3,4,1,1,5,1,48,45,38
5,6,5,6,3,6,3,1,5,4,3,3,4,6,1,1,7,48,45,38
4,5,5,6,4,2,2,4,6,5,4,4,2,3,2,2,2,48,46,38
5,4,3,1,5,3,3,2,2,2,2,2,2,4,1,2,7,48,41,38
5,4,4,5,3,4,4,2,3,4,1,2,4,3,2,1,5,48,44,38
5,3,2,4,3,5,4,1,1,4,3,3,1,2,1,3,2,48,41,38
5,5,5,4,7,2,2,2,1,3,2,2,6,7,1,7,1,48,44,38
5,1,3,2,5,2,2,2,7,5,5,2,5,2,2,1,1,48,44,38
5,3,5,4,3,4,1,3,2,3,1,2,2,1,1,7,1,48,42,38
7,1,2,2,1,6,6,5,1,2,7,1,3,1,6,6,1,48,44,38
5,3,2,3,3,4,4,1,2,4,2,3,3,3,1,1,2,48,44,38
5,6,5,5,2,3,1,3,3,2,1,2,1,3,1,1,1,48,47,38
5,1,1,7,3,4,7,2,2,4,1,4,7,4,1,1,2,48,41,38
5,1,5,1,3,4,1,2,2,1,1,2,2,4,7,1,3,48,44,38
5,5,3,5,5,1,4,1,1,2,2,2,2,1,4,1,1,48,44,34
5,5,1,1,3,3,2,2,2,4,3,1,7,4,6,1,1,48,44,36
5,1,1,2,1,5,5,2,2,4,2,4,4,5,1,1,1,48,43,38
5,3,1,3,3,5,2,1,1,3,3,3,1,7,7,1,2,48,43,38
2,2,2,7,5,6,5,5,7,6,7,7,6,4,6,4,6,48,44,38
4,1,6,3,4,4,4,3,3,6,6,5,6,2,6,7,1,48,47,38
5,3,2,3,2,5,4,1,1,2,3,1,2,2,2,1,1,48,44,38
5,4,2,3,3,2,3,3,2,3,3,7,2,1,1,1,1,48,44,38
2,5,1,1,5,7,7,3,6,7,6,7,5,3,3,5,3,48,43,38
4,4,4,4,5,5,5,4,2,4,2,5,4,4,2,2,2,48,47,38
5,6,3,2,2,4,1,2,2,3,3,3,2,3,1,1,1,48,44,38
5,1,1,1,1,5,2,2,2,5,3,2,4,2,1,3,1,48,39,38
5,4,3,5,2,2,3,3,5,3,1,2,7,2,1,1,1,48,39,36
5,1,2,3,4,4,4,2,7,6,3,1,3,3,4,1,1,48,39,38
5,5,4,6,1,4,1,1,3,4,3,3,2,2,7,1,3,48,46,38
5,5,5,5,5,2,1,5,1,4,5,4,3,1,1,1,3,48,46,38
5,4,4,5,2,4,1,3,5,4,2,4,2,1,1,1,2,48,46,38
5,5,3,5,4,4,7,1,1,4,3,3,7,2,1,7,7,48,46,38
5,5,1,3,2,5,2,1,5,2,2,4,2,7,7,7,5,48,43,38
5,4,2,4,5,6,2,3,2,2,4,6,2,3,7,1,1,48,43,38
5,5,4,6,3,5,1,5,2,3,2,1,2,1,1,1,1,48,40,38
3,6,3,7,3,7,2,3,3,1,5,6,1,4,3,3,3,48,44,38
5,1,4,3,7,3,2,3,2,2,1,2,2,1,1,1,1,48,47,38
7,3,1,6,7,3,1,6,5,1,2,1,1,7,7,5,7,48,43,38
4,6,5,2,2,5,4,2,7,5,6,5,3,4,2,1,2,48,43,38
4,2,6,7,6,4,5,4,4,4,3,5,3,2,5,1,2,48,39,38
5,5,2,4,4,4,3,1,2,4,4,2,7,7,2,1,1,48,43,38
5,3,5,4,3,4,1,5,2,2,3,2,1,1,2,1,3,48,39,38
2,4,1,6,5,7,7,7,3,7,7,6,2,3,2,6,5,48,39,38
5,4,4,1,2,4,7,3,7,7,3,2,2,2,1,7,1,48,41,38
5,1,2,5,1,5,4,7,5,5,3,3,4,2,3,1,5,48,39,38
5,4,5,6,2,5,2,1,3,4,3,7,2,7,5,1,1,48,39,38
5,7,5,5,4,5,1,3,3,2,1,3,3,3,7,1,1,48,39,36
4,6,6,3,6,1,3,3,3,4,2,3,2,3,6,2,3,48,46,38
1,1,2,3,3,6,7,6,7,7,1,2,3,5,1,6,6,48,47,38
3,5,4,4,3,7,6,5,4,7,1,5,5,5,7,3,2,48,44,38
7,3,3,4,7,2,7,1,7,2,1,6,5,4,1,6,7,48,44,38
4,4,4,5,4,6,2,2,3,4,4,4,7,4,4,2,2,48,40,38
4,5,6,7,4,3,5,2,3,4,2,3,1,2,4,2,2,48,40,38
2,7,5,2,5,1,6,4,4,7,7,4,6,5,1,5,6,48,43,38
7,6,3,1,3,3,7,6,4,3,7,2,6,7,5,5,6,48,46,38
7,6,1,1,2,1,1,6,7,2,7,2,7,6,6,5,6,48,46,38
7,3,1,2,3,2,2,1,1,2,1,2,1,6,4,6,6,48,46,38
4,4,3,3,6,6,2,4,3,3,3,5,3,2,1,1,1,48,40,38
1,3,2,1,6,3,1,3,5,3,2,7,1,7,1,5,4,48,46,38
1,2,3,3,6,3,1,1,3,7,7,1,7,5,5,6,7,48,46,38
1,6,6,1,3,3,1,6,7,6,5,1,1,7,6,6,7,48,47,38
6,1,2,7,4,4,7,2,4,5,3,6,7,5,1,1,1,48,39,38
6,3,4,7,6,1,7,6,7,3,7,3,3,4,2,1,7,48,39,38
1,6,5,3,1,1,7,5,7,5,1,1,5,7,1,5,1,48,42,38
1,6,3,2,7,1,1,6,1,2,1,1,7,1,6,6,1,48,42,38
1,1,5,3,7,1,1,2,6,4,2,1,2,5,6,5,1,48,47,38
5,5,1,5,2,5,3,5,5,4,4,5,3,2,7,5,1,48,47,38
5,5,4,1,5,3,1,2,6,4,4,2,5,2,7,1,1,48,40,38
5,4,3,2,1,4,1,3,2,2,3,1,2,5,7,1,1,48,47,38
1,6,6,3,7,2,2,6,1,1,5,1,7,7,5,6,1,48,39,38
1,7,6,2,5,6,1,4,1,7,7,2,7,7,1,6,3,48,39,38
1,7,1,6,6,2,1,6,5,1,6,5,6,7,6,5,5,48,39,38
1,2,6,2,3,2,1,5,7,1,7,7,2,7,6,5,5,48,39,38
1,5,6,2,7,2,1,2,1,7,1,2,6,7,6,6,1,48,39,38
5,1,3,3,2,4,1,3,5,4,4,7,1,1,6,7,1,48,41,38
5,1,6,1,3,4,7,2,2,2,4,4,2,2,1,1,1,48,41,38
5,3,3,4,4,3,4,1,2,2,1,3,2,7,1,1,1,48,40,38
5,3,2,2,3,5,4,2,3,2,6,2,1,7,1,1,1,48,41,38
5,1,1,2,5,5,4,3,5,3,4,2,3,2,2,3,1,48,41,38
5,1,2,3,3,3,1,3,2,5,3,7,7,2,3,1,1,48,41,33
5,3,1,5,1,4,4,2,2,3,4,4,3,1,3,7,1,48,41,38
5,3,3,5,3,1,3,1,1,4,2,3,3,2,1,1,4,48,41,38
6,1,4,1,4,7,6,6,1,2,6,3,7,3,2,2,1,48,40,38
1,3,1,3,7,1,1,7,6,4,1,2,6,7,6,5,2,48,43,38
5,5,3,5,2,5,2,3,2,4,3,2,2,3,1,1,1,48,41,38
1,1,7,1,1,5,7,7,4,3,7,7,7,7,4,4,4,48,45,38
1,1,2,2,7,2,5,7,4,6,5,1,6,6,4,4,4,48,45,38
5,1,5,4,3,1,1,7,5,4,4,4,2,1,1,7,7,48,41,38
6,1,2,4,2,4,7,3,1,3,4,2,5,4,3,1,1,48,40,38
6,4,3,1,3,5,7,3,7,4,7,7,1,3,4,1,2,48,40,38
6,3,5,5,1,3,2,4,5,4,7,2,1,3,7,1,2,48,40,38
5,5,5,5,3,1,4,1,3,5,3,2,1,4,2,1,1,48,42,38
5,5,5,3,1,4,1,1,2,6,3,2,3,1,1,1,5,48,43,38
1,6,3,3,7,6,7,6,2,7,1,2,6,1,3,6,1,48,45,38
4,6,6,5,6,6,6,2,3,5,5,4,4,3,1,1,3,48,43,38
5,1,5,5,2,7,3,3,2,4,3,2,3,2,7,7,1,48,43,38
5,4,1,5,3,1,4,3,1,4,3,7,3,3,1,1,5,48,43,38
5,3,1,6,5,5,3,3,2,5,1,2,1,1,6,1,1,48,43,38
5,5,4,3,3,5,2,1,2,4,4,2,4,1,6,1,3,48,43,38
5,1,1,1,3,4,1,5,1,4,3,7,1,2,1,7,1,48,47,38
5,6,3,3,2,4,7,5,1,3,3,1,3,2,1,1,1,48,41,38
5,1,3,5,3,4,1,2,1,3,1,5,2,2,1,7,7,48,44,38
5,5,4,1,2,5,4,4,1,4,4,3,2,2,1,1,1,48,41,38
4,3,3,5,5,2,5,3,3,6,5,1,4,1,2,7,2,48,46,38
1,5,3,3,7,7,5,6,6,4,7,7,1,5,5,6,1,48,46,38
5,5,2,3,3,4,2,2,2,3,2,2,2,7,1,1,4,48,46,38
4,5,4,5,5,5,4,2,2,2,4,3,2,3,2,4,6,48,44,38
4,4,6,3,6,2,2,2,6,3,3,2,2,3,3,5,4,48,44,38
5,3,2,3,2,4,6,1,3,7,4,3,3,1,1,1,1,48,43,38
5,5,2,5,3,4,4,6,1,3,1,1,2,3,2,1,1,48,47,38
5,5,1,3,4,5,3,4,2,3,3,2,2,2,4,7,3,48,47,38
4,2,2,4,3,6,4,3,3,5,4,5,1,5,4,2,3,48,44,38
5,3,1,3,3,3,3,2,3,4,2,3,4,2,1,7,1,48,44,38
4,2,5,6,3,2,2,2,3,5,3,1,4,3,1,1,1,48,43,38
1,2,2,1,3,2,1,7,5,1,2,1,7,7,5,5,1,48,46,38
1,3,7,1,2,2,3,6,6,2,2,7,5,7,6,1,1,48,46,38
1,1,2,6,7,2,2,7,6,1,2,1,1,7,6,6,1,48,46,38
1,7,7,7,1,2,7,3,6,1,2,1,7,6,6,6,5,48,46,38
6,4,5,7,4,1,2,2,3,3,7,3,2,5,1,1,4,48,39,38
6,1,7,5,4,4,2,4,5,1,5,2,3,2,3,1,3,48,39,38
6,1,3,6,1,4,4,4,1,5,5,4,6,5,1,4,4,48,39,38
2,7,6,1,6,1,4,6,5,7,6,1,7,5,7,3,5,48,45,38
1,6,3,2,7,2,1,7,5,2,6,7,2,6,7,6,6,48,45,38
5,3,2,5,7,5,3,2,7,6,3,4,1,2,3,1,1,48,45,38
5,1,4,2,7,5,2,1,2,4,3,4,7,7,1,7,1,48,43,38
5,5,3,6,3,6,1,1,5,4,5,1,2,3,2,3,1,48,43,38
5,5,1,3,3,4,3,3,2,2,3,7,2,3,2,2,1,48,43,38
4,2,6,5,3,6,2,3,4,3,4,3,3,4,2,2,2,48,43,38
3,7,6,5,3,4,7,6,4,5,3,3,2,5,3,3,3,48,47,38
5,2,3,6,1,3,1,2,1,6,4,3,4,1,1,2,1,48,45,38
5,6,2,5,3,4,3,1,1,3,6,1,2,3,1,1,2,48,47,38
5,2,3,5,5,3,2,1,4,4,2,2,3,7,5,3,7,48,47,38
3,1,3,6,2,4,6,7,3,1,5,6,4,4,5,3,4,48,43,38
5,7,1,2,1,5,3,1,4,4,1,4,3,3,1,1,1,48,46,36
5,4,5,3,3,5,1,2,1,7,3,2,4,3,1,7,7,48,46,38
5,4,2,3,7,2,3,1,2,7,3,5,2,1,7,5,1,48,46,38
5,6,5,3,5,3,2,3,2,2,2,3,1,1,1,1,2,48,43,38
5,4,6,5,5,4,3,3,2,6,4,2,2,7,3,5,7,48,43,38
5,4,4,5,5,2,3,4,6,7,4,3,3,6,5,1,1,48,43,38
5,3,4,3,1,1,1,7,3,4,3,3,2,1,5,7,7,48,43,38
5,4,5,5,5,1,1,1,7,7,4,5,1,1,5,7,7,48,43,38
5,1,4,6,2,5,4,1,1,2,3,5,2,3,4,5,3,48,43,38
5,3,1,4,3,1,1,5,2,4,4,2,7,6,2,1,1,48,43,38
5,4,7,2,5,4,1,3,6,4,5,3,3,3,7,7,5,48,43,36
5,6,3,1,2,4,1,1,1,5,3,2,1,3,7,1,1,48,43,36
5,1,5,6,2,3,2,6,6,2,1,3,2,2,2,1,7,48,43,36
5,5,3,2,2,5,1,3,2,4,3,3,7,1,2,3,2,48,43,38
5,4,1,4,3,4,1,3,2,4,6,4,5,7,1,7,7,48,43,38
5,1,1,4,5,4,7,4,4,3,1,3,2,1,1,1,3,48,43,38
5,6,3,5,3,3,3,1,7,1,3,3,3,2,5,1,7,48,43,36
5,4,4,3,5,5,1,2,6,3,3,3,2,3,2,1,1,48,43,38
5,5,4,4,1,3,4,6,1,4,2,4,2,1,7,3,1,48,43,38
1,6,1,3,2,2,2,6,2,1,2,1,7,1,6,6,6,48,43,38
1,6,3,6,2,1,1,7,3,3,7,1,6,7,6,1,1,48,43,38
1,2,5,1,3,1,6,5,7,1,6,3,1,7,5,6,1,48,43,38
1,5,3,3,7,2,1,7,7,3,7,7,2,7,1,1,1,48,43,38
1,6,5,1,2,5,1,1,1,6,2,7,1,1,3,5,6,48,43,38
2,1,2,7,7,1,4,5,7,1,6,4,5,6,4,4,4,48,46,38
2,1,1,5,7,1,4,4,5,4,7,5,6,7,5,3,6,48,46,38
2,1,5,5,2,6,5,3,4,7,7,5,5,3,3,4,2,48,46,38
4,7,3,3,6,5,4,4,3,5,4,1,4,7,2,2,2,48,39,38
4,6,6,2,1,4,2,3,3,2,5,3,5,1,3,2,3,48,45,38
2,1,1,1,7,7,4,4,7,2,2,5,4,6,5,5,1,48,45,38
1,1,2,2,1,2,1,5,2,7,2,5,6,6,6,6,7,48,45,38
5,3,5,3,2,4,1,1,3,4,1,3,5,2,1,7,1,48,40,38
2,4,1,7,5,1,5,7,5,5,7,6,6,1,1,4,5,48,41,38
2,5,1,1,1,6,7,3,5,5,6,4,5,7,4,1,1,48,41,38
1,5,7,2,2,4,1,1,7,6,1,1,7,7,6,6,6,48,46,38
5,1,5,4,1,2,1,1,2,3,2,2,1,1,3,7,1,48,40,38
5,5,1,5,2,3,4,3,1,4,2,4,1,7,1,1,1,48,40,38
5,5,3,2,7,4,4,1,2,4,3,4,1,2,3,7,3,48,40,36
5,1,2,3,5,5,7,3,1,4,2,5,4,3,1,1,1,48,44,38
5,6,5,4,5,3,4,1,1,5,3,7,2,1,7,2,1,48,40,38
5,1,3,3,2,5,4,2,2,2,4,1,2,3,1,1,1,48,40,38
2,5,4,1,4,4,4,3,3,1,2,4,5,4,6,1,5,48,44,38
6,1,2,1,4,3,2,6,2,3,5,3,6,3,2,6,2,48,41,38
4,5,3,5,2,3,4,3,3,5,3,4,1,2,1,1,4,48,40,38
5,5,3,3,7,4,2,4,3,4,3,4,1,3,1,1,1,48,40,38
1,2,2,3,6,1,7,4,1,5,7,1,6,5,6,5,3,48,44,38
5,4,5,2,4,4,3,4,1,4,3,3,2,7,1,2,1,48,44,38
5,5,1,2,2,7,2,2,2,4,1,5,2,7,7,1,1,48,46,38
5,4,3,3,1,4,2,2,1,1,1,2,1,7,1,1,1,48,46,38
5,5,2,3,4,4,1,1,3,4,2,4,1,7,1,1,1,48,40,38
6,1,7,3,4,1,3,3,5,5,4,5,7,7,7,6,7,48,46,38
6,5,3,1,4,3,7,3,4,4,5,3,4,7,4,1,6,48,46,38
1,6,5,1,1,1,5,5,3,1,5,7,5,1,4,6,4,48,40,38
1,1,1,6,7,2,4,5,5,3,5,4,6,3,6,2,1,48,40,38
7,3,1,1,2,7,6,7,1,2,1,1,3,6,5,6,6,48,43,38
5,1,1,1,4,4,4,3,5,3,6,7,5,2,3,7,7,48,44,38
5,3,5,3,1,4,1,1,2,4,1,7,2,3,7,1,2,48,43,38
5,5,5,3,4,4,1,3,1,4,1,1,5,2,7,3,1,48,47,38
4,2,2,2,6,5,2,4,7,1,4,3,5,4,4,7,2,48,46,38
2,5,5,4,6,6,5,6,5,4,5,1,6,7,6,5,5,48,40,38
2,7,1,5,1,7,3,7,6,4,5,6,7,1,6,5,5,48,40,38
4,5,4,5,3,5,1,2,3,4,5,3,3,1,5,1,4,48,40,38
4,2,3,4,5,4,6,2,4,5,4,3,3,2,4,3,2,48,40,38
4,2,5,7,4,6,1,2,2,5,4,5,3,1,3,2,2,48,43,38
7,7,2,1,5,2,2,5,6,4,2,6,2,3,1,3,7,48,39,38
5,4,2,1,3,4,5,3,2,3,3,5,2,6,2,1,1,48,45,38
5,1,2,5,5,1,1,1,4,4,3,4,6,3,7,7,6,48,45,38
5,3,3,5,4,3,2,1,1,4,7,2,1,1,1,7,3,48,41,38
5,1,1,5,1,5,3,2,3,4,4,2,4,1,1,1,1,48,45,38
5,5,3,5,7,4,4,1,7,4,2,2,7,1,1,1,1,48,45,38
5,3,5,3,5,4,2,2,2,4,2,3,4,2,2,1,7,48,43,38
3,5,3,4,3,7,3,4,4,6,3,4,4,2,4,2,3,48,43,38
5,7,2,5,3,4,1,1,3,4,1,5,2,4,2,1,1,48,43,38
5,5,2,3,3,3,4,2,5,4,3,4,2,7,2,7,1,48,44,38
4,6,3,7,4,4,5,1,2,5,4,5,5,2,3,2,4,48,46,38
2,2,6,4,6,7,5,4,5,7,6,4,3,2,6,5,4,48,46,38
5,3,1,5,5,4,1,3,2,4,2,3,2,7,2,6,1,48,46,38
2,4,7,5,5,1,4,5,6,2,1,5,5,6,5,6,7,48,43,38
4,6,2,3,2,3,2,6,3,5,2,5,3,4,1,2,7,48,43,38
1,1,2,5,3,7,2,6,3,1,7,3,7,7,1,5,7,48,43,38
6,4,4,1,6,3,7,6,1,3,5,4,7,1,1,6,1,48,40,38
5,6,5,3,5,4,3,3,2,5,2,4,7,2,1,7,2,48,47,38
5,3,2,5,3,4,1,3,7,5,7,1,5,7,4,7,7,48,47,36
5,5,3,5,3,2,3,2,1,4,3,2,2,2,1,1,7,48,47,38
5,2,5,3,5,4,4,1,1,3,3,5,3,3,1,1,1,48,46,38
5,4,5,6,7,5,1,7,2,3,4,2,2,2,7,1,1,48,47,38
5,3,1,4,1,4,7,1,2,4,2,1,2,2,7,7,1,48,47,38
5,3,3,4,5,3,7,5,2,3,3,7,2,4,2,1,1,48,47,38
5,3,3,3,7,4,1,3,5,3,2,5,3,3,1,1,1,48,44,38
5,3,3,7,1,4,4,3,3,4,5,3,3,2,7,3,3,48,47,38
5,5,4,5,2,3,7,3,7,4,3,2,2,3,2,1,3,48,47,38
1,7,2,6,7,2,7,2,6,1,1,1,7,7,6,6,1,48,45,38
1,6,3,2,6,2,6,6,6,1,3,6,1,7,1,6,5,48,45,38
5,5,2,5,5,5,3,1,2,3,3,2,4,3,1,1,1,48,44,38
5,1,7,5,3,4,1,1,2,4,2,3,3,3,1,1,1,48,42,38
4,6,3,7,5,6,2,2,7,5,4,3,4,6,4,2,2,48,46,36
4,5,5,6,5,5,2,6,3,5,6,5,3,3,3,2,2,48,46,38
4,6,1,4,5,5,2,3,2,3,4,4,3,3,2,3,3,48,46,38
4,6,6,2,5,3,2,3,3,6,4,5,5,2,1,2,5,48,46,38
4,6,4,6,5,6,1,2,7,2,5,4,3,4,2,1,2,48,46,38
4,6,2,4,6,5,5,1,3,5,5,5,4,4,7,1,6,48,46,38
4,6,4,4,1,5,5,2,3,5,5,5,4,1,1,2,7,48,46,38
4,2,3,3,4,4,6,3,2,3,3,4,1,4,2,2,3,48,46,38
4,5,1,4,3,2,7,2,1,5,4,2,3,3,4,3,3,48,46,38
4,6,1,6,7,4,2,3,2,4,4,6,4,1,7,3,2,48,46,38
5,4,7,5,6,4,2,1,3,4,1,3,2,3,1,1,1,48,44,38
5,5,7,2,4,4,3,3,1,3,3,5,2,2,1,1,1,48,44,38
5,7,5,5,3,3,4,3,3,3,3,7,3,7,7,7,1,48,44,38
5,3,1,1,6,3,6,1,2,4,6,2,2,4,1,7,1,48,44,38
5,1,1,6,4,5,3,4,2,4,3,2,2,2,1,1,3,48,44,38
1,6,3,2,2,2,1,5,7,6,2,1,6,6,6,3,7,48,45,38
1,5,5,1,7,1,6,7,1,6,1,1,2,1,6,6,1,48,45,38
1,5,6,3,1,5,6,3,2,5,5,1,6,1,5,5,5,48,45,38
5,4,3,7,2,3,2,3,2,4,2,2,6,3,1,1,7,48,46,38
5,7,5,1,7,4,4,7,2,4,3,2,2,3,1,1,2,48,46,36
5,4,6,3,4,7,1,1,2,3,5,3,6,1,1,5,1,48,47,38
5,5,3,5,5,4,3,2,3,5,2,1,3,7,7,1,1,48,47,35
5,4,2,3,2,1,3,2,3,3,3,4,3,3,1,7,1,48,47,35
5,4,2,5,1,5,4,1,2,3,4,4,3,1,1,1,7,48,47,38
5,3,1,6,4,4,4,3,4,6,2,2,7,3,2,1,1,48,47,38
5,1,2,5,4,3,2,1,2,3,2,2,6,1,1,4,6,48,47,35
5,5,1,3,2,4,1,1,5,4,2,2,4,2,1,1,1,48,47,38
5,3,6,3,3,4,2,3,2,1,4,4,3,3,1,7,1,48,47,38
4,5,3,7,6,3,3,4,3,5,4,3,3,1,4,2,6,48,43,38
4,3,4,5,2,2,2,3,2,2,4,5,3,1,2,2,1,48,45,38
5,5,4,3,3,1,1,2,4,5,3,3,2,7,3,1,5,48,43,38
1,6,2,5,1,1,2,4,1,1,6,7,2,7,6,1,7,48,46,38
5,2,4,4,3,2,4,1,3,1,3,5,3,2,3,4,1,48,44,38
5,4,5,2,1,2,4,5,2,4,1,2,1,2,1,5,7,48,44,38
2,1,5,6,6,5,4,6,5,7,4,6,5,2,4,7,4,48,44,38
5,7,3,3,5,3,2,7,6,3,3,4,3,2,1,1,1,48,43,38
5,5,2,3,7,3,3,2,5,5,2,5,2,1,7,1,3,48,40,38
5,2,3,1,3,1,3,3,2,2,2,5,2,1,7,1,1,48,41,38
5,4,3,2,3,3,1,7,1,5,4,7,7,2,3,1,1,48,41,38
5,5,2,3,5,3,4,3,5,3,1,3,3,1,1,1,1,48,46,38
5,1,4,3,4,3,4,1,2,2,1,4,2,4,1,1,3,48,46,36
4,2,4,4,4,5,2,4,3,3,5,3,2,3,3,2,1,48,42,38
4,6,3,6,3,3,3,3,2,5,2,5,4,4,1,2,4,48,42,38
4,2,2,3,3,5,3,2,7,4,5,4,3,3,7,2,2,48,42,38
4,4,4,6,4,6,2,4,2,4,5,4,1,4,2,2,2,48,42,38
5,6,5,1,6,5,1,3,3,4,4,4,2,1,2,1,4,48,45,38
5,5,3,3,3,3,4,2,3,4,4,4,1,1,1,1,1,48,45,38
5,1,4,2,2,2,2,1,2,4,4,2,2,3,1,1,3,48,45,38
5,5,2,5,5,4,1,1,2,4,4,2,5,3,1,1,1,48,39,38
5,5,3,6,2,4,4,1,2,4,1,2,5,3,1,2,1,48,39,38
5,5,5,3,3,4,7,7,5,3,3,1,1,7,2,2,1,48,39,38
5,5,3,7,4,6,2,1,3,3,3,7,5,7,1,1,7,48,39,38
5,5,1,5,3,5,3,6,6,3,1,2,3,3,1,7,7,48,39,38
4,4,4,6,6,5,3,2,5,4,5,6,2,5,1,4,4,48,44,38
4,6,4,6,2,5,2,2,2,1,7,4,3,2,2,3,2,48,44,38
4,7,5,6,7,5,2,3,6,4,7,3,3,2,1,2,4,48,44,38
4,6,1,3,4,5,2,4,2,7,4,4,3,5,2,1,1,48,44,38
4,1,2,6,2,6,2,3,2,1,4,5,3,3,1,4,3,48,44,38
4,6,5,2,4,4,2,6,3,7,4,1,3,2,2,1,1,48,44,38
1,3,3,3,2,4,7,6,6,2,2,7,6,7,1,6,6,49,47,36
5,1,2,3,4,5,1,2,1,4,1,2,2,3,2,1,6,48,43,38
5,5,3,1,2,4,1,3,5,4,4,2,6,3,2,1,1,48,43,38
2,5,7,2,1,7,5,1,4,7,4,6,3,5,4,3,1,48,45,38
6,3,1,5,4,4,2,2,1,6,2,3,2,5,3,1,2,48,44,38
5,6,2,5,5,4,4,2,2,7,1,3,2,7,1,3,1,48,43,38
5,4,5,7,3,2,2,2,3,3,2,3,2,2,1,7,1,49,47,38
5,1,1,2,4,6,3,7,7,4,7,3,1,7,1,3,5,49,47,34
5,5,1,3,5,2,1,2,2,3,2,1,1,2,1,1,6,49,47,38
5,5,4,5,4,5,5,1,2,4,5,2,2,1,1,1,1,49,47,38
3,7,6,7,7,1,3,3,3,6,3,2,4,5,1,2,3,49,47,38
3,6,7,3,5,7,4,3,3,1,6,3,4,5,3,4,3,49,47,38
5,1,3,5,7,4,4,2,2,5,3,2,1,1,1,7,1,49,47,38
3,5,7,7,7,6,3,6,4,5,2,5,1,3,2,3,3,49,47,38
5,5,2,5,4,4,2,1,4,5,4,2,2,3,2,2,1,49,47,38
5,6,2,3,4,5,3,2,6,4,4,1,2,7,1,7,1,49,47,38
5,4,1,5,2,2,4,1,3,5,3,2,2,3,1,1,7,49,47,38
5,5,2,3,3,1,3,1,1,3,2,2,2,1,1,7,1,49,47,38
3,6,3,3,5,6,3,3,4,5,3,6,4,4,1,2,2,49,47,38
3,6,5,4,6,5,3,3,3,3,5,3,5,4,4,7,7,49,47,38
5,2,2,4,3,3,1,3,1,5,1,2,1,2,1,1,2,49,47,38
5,5,6,5,3,3,2,2,5,3,3,2,7,3,1,1,6,49,47,38
3,6,3,6,4,5,4,4,4,6,5,6,5,3,3,5,5,49,47,38
3,7,6,4,7,6,4,1,5,5,6,4,5,1,5,3,4,49,47,38
7,1,6,3,7,2,6,6,7,3,1,2,1,6,7,6,6,48,44,38
5,6,3,3,3,5,4,1,1,4,1,3,3,7,7,7,1,49,45,38
5,3,5,2,7,2,3,3,2,2,3,2,2,2,1,7,1,49,45,38
5,4,4,2,7,5,3,1,4,2,3,2,3,3,2,1,1,49,45,38
5,3,1,3,5,4,2,1,5,3,2,4,4,7,7,1,1,49,45,38
5,5,3,4,7,3,1,1,2,5,7,1,1,1,1,1,1,49,45,38
5,5,3,5,5,4,5,2,1,4,4,3,3,3,1,1,1,49,45,38
5,3,1,3,5,5,1,7,3,4,7,7,7,3,3,7,6,49,39,38
5,5,5,1,3,1,5,2,2,4,3,3,3,1,6,1,1,49,39,38
5,1,1,4,5,3,5,3,1,5,3,2,3,6,7,2,1,49,39,38
5,1,1,5,2,6,2,3,5,1,1,5,3,3,2,3,1,49,39,38
5,1,2,2,3,1,3,2,6,1,1,3,2,7,3,1,1,49,39,38
5,5,1,3,5,2,2,6,3,1,4,4,2,2,2,7,2,49,39,38
5,5,2,3,3,6,3,3,1,2,2,7,6,1,7,1,5,49,39,38
5,1,3,5,7,6,4,1,2,4,3,5,2,3,2,1,3,49,39,38
5,2,4,2,3,5,7,3,4,4,4,2,7,1,1,1,1,49,39,38
5,1,1,2,2,1,7,3,2,4,1,5,1,1,1,7,5,48,40,38
5,5,3,2,7,4,1,3,7,4,4,1,6,7,1,1,1,48,45,38
3,3,7,3,5,7,5,2,5,5,5,5,4,6,5,6,4,48,45,38
3,7,5,7,4,6,4,4,2,7,6,7,3,3,5,4,3,48,45,38
5,1,5,3,3,5,3,3,1,2,2,3,7,7,1,7,1,48,43,38
1,5,7,2,2,7,1,5,1,3,6,4,2,6,6,6,6,48,46,38
4,6,2,6,2,5,5,2,3,5,3,2,3,1,2,7,2,48,45,38
4,3,4,6,6,6,3,1,3,5,5,3,2,3,2,1,2,48,45,38
4,5,4,4,4,5,4,3,3,6,3,4,2,4,2,1,2,48,45,38
5,1,4,5,4,1,4,3,3,5,1,1,2,4,1,1,7,48,40,38
2,5,5,6,6,2,4,6,4,1,7,6,7,2,5,5,5,48,44,38
5,5,2,3,2,5,4,1,2,4,3,1,2,7,5,1,5,48,39,38
2,1,4,1,5,2,6,6,4,1,3,7,5,4,3,1,3,48,40,38
2,2,1,4,6,4,3,6,6,7,1,7,5,6,1,1,2,48,45,38
4,2,3,4,5,5,3,3,3,4,5,4,2,7,2,2,3,48,44,38
4,6,6,2,6,2,4,1,2,5,4,5,4,4,2,1,3,48,43,38
6,1,4,6,4,1,1,5,5,1,7,3,6,5,3,1,6,48,40,38
1,1,3,7,7,1,3,7,3,2,6,2,2,1,2,1,5,48,47,38
1,7,6,1,7,1,1,1,5,2,1,5,2,7,5,5,5,48,47,36
5,1,5,4,1,2,2,4,2,1,3,4,5,2,2,1,1,48,39,38
3,3,3,2,7,6,3,2,4,4,1,5,3,4,2,4,7,48,44,38
5,1,4,4,2,1,3,1,1,6,1,2,2,2,6,1,7,48,46,38
5,1,5,2,2,1,3,4,2,3,1,2,2,1,2,1,1,48,43,38
5,4,5,3,5,3,1,3,2,3,7,5,3,5,1,1,1,48,43,38
5,5,2,2,6,5,2,1,7,3,1,3,2,2,2,1,5,48,43,38
2,1,7,3,4,7,7,4,4,7,1,1,6,6,5,3,5,48,44,38
3,7,3,6,5,6,4,3,7,1,6,1,4,3,3,1,7,48,41,38
3,2,2,6,7,4,4,6,7,6,5,4,6,5,1,2,5,48,41,38
5,1,3,3,4,4,1,1,2,6,3,4,2,7,1,7,1,48,42,38
3,6,5,1,4,6,7,5,3,5,3,6,3,5,3,3,3,49,47,38
5,1,3,1,7,2,3,2,2,4,5,3,2,7,7,1,1,49,47,38
5,5,5,5,4,3,1,1,2,6,4,3,2,7,7,1,1,49,45,38
5,1,2,2,5,3,4,1,2,1,4,5,4,2,2,2,1,49,45,38
5,6,5,5,2,1,2,3,1,3,3,2,1,2,7,1,5,49,45,38
5,5,3,5,2,4,4,3,5,4,4,3,3,7,2,1,7,49,45,38
5,1,3,3,4,5,1,1,2,3,3,2,7,3,7,1,1,49,45,38
5,3,3,4,3,5,3,2,3,2,1,2,2,2,1,1,1,49,45,38
5,4,4,4,7,5,4,5,2,2,3,1,2,2,4,1,1,49,45,38
6,1,3,2,5,3,6,3,7,1,5,4,7,1,3,1,5,48,40,38
6,2,1,2,4,3,5,6,5,7,3,4,2,3,6,5,6,48,40,38
6,4,1,4,7,4,7,2,3,2,7,2,7,3,4,7,4,48,40,38
5,5,1,3,6,5,4,1,2,4,4,2,4,3,1,1,3,49,39,38
5,3,2,5,2,2,4,1,2,4,1,2,4,1,5,1,1,49,39,38
5,7,3,3,5,5,1,1,3,7,4,2,2,7,1,1,5,49,39,38
5,5,1,3,3,7,1,2,2,4,4,2,7,1,1,7,3,49,39,38
5,1,5,6,3,4,3,4,2,4,7,3,3,1,3,5,3,49,39,38
5,1,3,2,4,3,1,1,2,4,3,2,1,1,1,1,5,49,39,38
4,5,2,5,4,3,6,5,3,5,3,2,5,3,6,2,4,48,40,38
4,6,3,2,4,5,4,2,4,5,3,4,3,4,3,1,2,48,40,36
4,6,3,5,5,6,6,3,2,6,2,6,3,3,4,3,2,48,40,38
1,7,1,5,7,1,7,1,6,5,2,1,6,7,1,5,5,48,45,38
1,6,6,1,1,1,1,7,6,1,2,2,1,6,5,6,4,48,45,38
1,5,6,2,6,5,1,6,1,4,5,2,5,7,7,1,1,48,45,38
1,7,1,6,7,7,6,7,1,4,2,1,2,7,6,2,5,48,45,38
1,1,6,3,1,2,7,6,7,1,2,5,1,6,6,5,5,48,45,38
1,6,2,3,3,1,6,1,1,1,2,4,7,1,6,5,5,48,45,38
1,1,3,1,2,2,1,1,6,3,5,1,7,1,6,5,6,48,45,38
1,6,5,2,7,2,1,7,5,4,5,1,2,7,6,5,6,48,45,38
1,1,2,2,1,1,7,7,6,2,1,1,2,1,1,6,1,48,45,38
1,1,3,1,3,3,3,6,3,1,7,2,7,6,6,5,7,48,45,38
5,7,2,5,4,1,2,3,2,5,4,2,2,3,1,1,5,49,39,38
5,1,3,3,7,4,2,7,2,4,3,2,4,3,7,1,1,49,45,38
4,6,6,3,5,3,2,2,7,5,5,5,4,3,4,2,2,48,44,38
5,5,3,2,3,7,7,1,1,3,1,5,2,7,1,1,5,49,45,38
5,5,2,1,3,3,3,1,2,2,1,3,2,7,5,7,1,48,45,38
3,5,7,7,5,6,4,3,1,3,7,6,4,5,4,3,2,48,39,38
5,5,3,5,1,4,1,3,1,2,4,2,6,6,1,1,1,48,44,38
5,3,6,2,7,6,1,1,1,6,3,3,2,1,3,1,2,48,43,38
5,5,3,2,4,5,5,3,2,2,2,2,6,1,1,1,1,49,35,38
7,1,1,1,1,1,6,1,7,2,2,7,6,6,5,6,6,48,44,38
5,5,1,2,6,4,1,1,2,3,1,3,3,1,1,1,1,48,44,38
5,4,3,5,2,3,2,1,2,4,2,3,2,3,7,1,2,48,47,38
